[init] Running as uid=1000 gid=1000 with /data as 'drwxrwxrwx 15 1000 1000 4096 Jun  3 17:16 /data'
[init] Image info: buildtime=2026-06-02T13:48:09.264Z,version=java11,revision=802dc47c9cbe55e95e36e80572f8d986f3ae4423
[39m[mc-image-helper] 17:30:18.524 INFO  : Requested CurseForge modpack Crucial2-1.5.zip is already installed for Crucial 2 - The Refresh Update
[0;39m[39m[mc-image-helper] 17:30:18.531 INFO  : Forge version 36.2.39 for minecraft version 1.16.5 is already installed
[0;39m[init] Copying any mods from /mods to /data/mods
[init] Copying any configs from /config to /data/config
[39m[mc-image-helper] 17:30:21.916 INFO  : Created/updated 1 property in /data/server.properties
[0;39m[init] Setting initial memory to 5G and max to 5G
[init] Starting the Minecraft server...
[Log4jPatcher] [INFO] Transforming org/apache/logging/log4j/core/lookup/JndiLookup
[Log4jPatcher] [INFO] Transforming org/apache/logging/log4j/core/pattern/MessagePatternConverter
[Log4jPatcher] [WARN]  Unable to find noLookups:Z field in org/apache/logging/log4j/core/pattern/MessagePatternConverter
[32m[17:30:25] [main/INFO] [cp.mo.mo.Launcher/MODLAUNCHER]: ModLauncher running: args [--gameDir, ., --launchTarget, fmlserver, --fml.forgeVersion, 36.2.39, --fml.mcpVersion, 20210115.111550, --fml.mcVersion, 1.16.5, --fml.forgeGroup, net.minecraftforge]
[m[32m[17:30:25] [main/INFO] [cp.mo.mo.Launcher/MODLAUNCHER]: ModLauncher 8.1.3+8.1.3+main-8.1.x.c94d18ec starting: java version 11.0.11 by AdoptOpenJDK
[mWARNING: An illegal reflective access operation has occurred
WARNING: Illegal reflective access by cpw.mods.modlauncher.SecureJarHandler (file:/data/libraries/cpw/mods/modlauncher/8.1.3/modlauncher-8.1.3.jar) to field java.util.jar.Manifest.jv
WARNING: Please consider reporting this to the maintainers of cpw.mods.modlauncher.SecureJarHandler
WARNING: Use --illegal-access=warn to enable warnings of further illegal reflective access operations
WARNING: All illegal access operations will be denied in a future release
[32m[17:30:25] [main/INFO] [ne.mi.fm.lo.FixSSL/CORE]: Added Lets Encrypt root certificates as additional trust
[m[32m[17:30:25] [main/INFO] [mixin/]: SpongePowered MIXIN Subsystem Version=0.8.4 Source=file:/data/libraries/org/spongepowered/mixin/0.8.4/mixin-0.8.4.jar Service=ModLauncher Env=SERVER
[m[32m[17:30:26] [main/INFO] [STDERR/]: [jdk.nashorn.api.scripting.NashornScriptEngine:<init>:-1]: Warning: Nashorn engine is planned to be removed from a future JDK release
[m[32m[17:30:26] [main/INFO] [STDERR/]: [jdk.nashorn.api.scripting.NashornScriptEngine:<init>:-1]: Warning: Nashorn engine is planned to be removed from a future JDK release
[m[32m[17:30:26] [main/INFO] [STDERR/]: [jdk.nashorn.api.scripting.NashornScriptEngine:<init>:-1]: Warning: Nashorn engine is planned to be removed from a future JDK release
[m[32m[17:30:26] [main/INFO] [STDERR/]: [jdk.nashorn.api.scripting.NashornScriptEngine:<init>:-1]: Warning: Nashorn engine is planned to be removed from a future JDK release
[m[32m[17:30:26] [main/INFO] [STDERR/]: [jdk.nashorn.api.scripting.NashornScriptEngine:<init>:-1]: Warning: Nashorn engine is planned to be removed from a future JDK release
[m[32m[17:30:26] [main/INFO] [STDERR/]: [jdk.nashorn.api.scripting.NashornScriptEngine:<init>:-1]: Warning: Nashorn engine is planned to be removed from a future JDK release
[m[32m[17:30:26] [main/INFO] [STDERR/]: [jdk.nashorn.api.scripting.NashornScriptEngine:<init>:-1]: Warning: Nashorn engine is planned to be removed from a future JDK release
[m[32m[17:30:26] [main/INFO] [STDERR/]: [jdk.nashorn.api.scripting.NashornScriptEngine:<init>:-1]: Warning: Nashorn engine is planned to be removed from a future JDK release
[m[32m[17:30:26] [main/INFO] [STDERR/]: [jdk.nashorn.api.scripting.NashornScriptEngine:<init>:-1]: Warning: Nashorn engine is planned to be removed from a future JDK release
[m[32m[17:30:26] [main/INFO] [STDERR/]: [org.antlr.v4.runtime.ConsoleErrorListener:syntaxError:38]: line 13:0 token recognition error at: '`'
[m[32m[17:30:26] [main/INFO] [STDERR/]: [org.antlr.v4.runtime.ConsoleErrorListener:syntaxError:38]: line 1:0 token recognition error at: '~'
[m[1;31m[17:30:27] [main/ERROR] [mixin/]: Mixin config mixins.homing_ender_eye.json does not specify "minVersion" property
[m[1;31m[17:30:27] [main/ERROR] [mixin/]: Mixin config radon.mixins.json does not specify "minVersion" property
[m[1;31m[17:30:27] [main/ERROR] [mixin/]: Mixin config minetogether.mixins.json does not specify "minVersion" property
[m[32m[17:30:27] [main/INFO] [mixin/]: Successfully loaded Mixin Connector [tictim.paraglider.MixinConnector]
[m[32m[17:30:27] [main/INFO] [mixin/]: Successfully loaded Mixin Connector [vazkii.patchouli.common.MixinConnector]
[m[32m[17:30:27] [main/INFO] [cp.mo.mo.LaunchServiceHandler/MODLAUNCHER]: Launching target 'fmlserver' with arguments [--gameDir, .]
[m[33m[17:30:27] [main/WARN] [opotato/]: Why does the Opotato json config file exist?
[m[33m[17:30:27] [main/WARN] [opotato/]: Because Forge Config API sucks, which cannot load into the game as soon as the game get launched.
[m[32m[17:30:27] [main/INFO] [opotato/]: Mod Abundance-1.16.5-1.0.5.jar loaded!
[m[32m[17:30:27] [main/INFO] [opotato/]: Mod Architects-Palette-1.16.4-1.1.5.jar loaded!
[m[32m[17:30:27] [main/INFO] [opotato/]: Mod AutoRegLib-1.6-49.jar loaded!
[m[32m[17:30:27] [main/INFO] [opotato/]: Mod Bayou-Blues-1.16.5-1.0.5.jar loaded!
[m[32m[17:30:27] [main/INFO] [opotato/]: Mod Better-Badlands-1.16.5-2.0.3.jar loaded!
[m[32m[17:30:27] [main/INFO] [opotato/]: Mod BetterCaves-Forge-1.16.4-1.1.2.jar loaded!
[m[32m[17:30:27] [main/INFO] [opotato/]: Mod BetterDungeons-1.16.4-1.2.1.jar loaded!
[m[32m[17:30:27] [main/INFO] [opotato/]: Mod BetterMineshafts-Forge-1.16.4-2.0.4.jar loaded!
[m[32m[17:30:27] [main/INFO] [opotato/]: Mod BetterStrongholds-1.16.4-1.2.1.jar loaded!
[m[32m[17:30:27] [main/INFO] [opotato/]: Mod Bookshelf-Forge-1.16.5-10.4.33.jar loaded!
[m[32m[17:30:27] [main/INFO] [opotato/]: Mod Chimes-1.0.0-1.16.5.jar loaded!
[m[32m[17:30:27] [main/INFO] [opotato/]: Mod ContentTweaker-1.16-1.0.0.develop.36.jar loaded!
[m[32m[17:30:27] [main/INFO] [opotato/]: Mod CraftTweaker-1.16.5-7.1.2.525.jar loaded!
[m[32m[17:30:27] [main/INFO] [opotato/]: Mod CyclopsCore-1.16.5-1.13.0.jar loaded!
[m[32m[17:30:27] [main/INFO] [opotato/]: Mod DefaultOptions_1.16.5-12.2.1.jar loaded!
[m[32m[17:30:27] [main/INFO] [opotato/]: Mod Enhanced-Mushrooms-1.16.5-3.0.9.jar loaded!
[m[32m[17:30:27] [main/INFO] [opotato/]: Mod FarmersDelight-1.16.5-0.6.0.jar loaded!
[m[32m[17:30:27] [main/INFO] [opotato/]: Mod Fruitful-1.16.5-2.1.0.jar loaded!
[m[32m[17:30:27] [main/INFO] [opotato/]: Mod Inspirations-1.16.5-1.2.3.38.jar loaded!
[m[32m[17:30:27] [main/INFO] [opotato/]: Mod JEITweaker-1.16.5-1.1.0.49.jar loaded!
[m[32m[17:30:27] [main/INFO] [opotato/]: Mod Jade-1.16.4-2.8.3.jar loaded!
[m[32m[17:30:27] [main/INFO] [opotato/]: Mod Mantle-1.16.5-1.6.157.jar loaded!
[m[32m[17:30:27] [main/INFO] [opotato/]: Mod Mirabilis 1.0.5 1.16.5.jar loaded!
[m[32m[17:30:27] [main/INFO] [opotato/]: Mod Notes-1.16.5-1.2.3.jar loaded!
[m[32m[17:30:27] [main/INFO] [opotato/]: Mod OpenLoader-1.16.5-9.0.3.jar loaded!
[m[32m[17:30:27] [main/INFO] [opotato/]: Mod Paraglider-1.16.5-1.3.2.14.jar loaded!
[m[32m[17:30:27] [main/INFO] [opotato/]: Mod Patchouli-1.16.4-53.3.jar loaded!
[m[32m[17:30:27] [main/INFO] [opotato/]: Mod Placebo-1.16.5-4.7.1.jar loaded!
[m[32m[17:30:27] [main/INFO] [opotato/]: Mod Prism-1.16.5-1.0.1.jar loaded!
[m[32m[17:30:27] [main/INFO] [opotato/]: Mod Prometheus-Exporter-1.16.5-forge-1.2.1.1.jar loaded!
[m[32m[17:30:27] [main/INFO] [opotato/]: Mod Quark-r2.4-322.jar loaded!
[m[32m[17:30:27] [main/INFO] [opotato/]: Mod QuarkOddities-1.16.3.jar loaded!
[m[32m[17:30:27] [main/INFO] [opotato/]: Mod RoadRunner-mc1.16.5-1.4.1.jar loaded!
[m[32m[17:30:27] [main/INFO] [opotato/]: Mod SimpleDiscordRichPresence-1.4.0-build.3+mc1.16.5.jar loaded!
[m[32m[17:30:27] [main/INFO] [opotato/]: Mod StorageDrawers-1.16.3-8.5.2.jar loaded!
[m[32m[17:30:27] [main/INFO] [opotato/]: Mod StructuredCrafting-1.16.4-0.2.2.jar loaded!
[m[32m[17:30:27] [main/INFO] [opotato/]: Mod Waystones_1.16.5-7.6.4.jar loaded!
[m[32m[17:30:27] [main/INFO] [opotato/]: Mod YungsApi-1.16.4-Forge-13.jar loaded!
[m[32m[17:30:27] [main/INFO] [opotato/]: Mod YungsBridges-Forge-1.16.4-1.0.1.jar loaded!
[m[32m[17:30:27] [main/INFO] [opotato/]: Mod YungsExtras-Forge-1.16.4-1.0.jar loaded!
[m[32m[17:30:27] [main/INFO] [opotato/]: Mod abnormals_core-1.16.5-3.3.1.jar loaded!
[m[32m[17:30:27] [main/INFO] [opotato/]: Mod abnormals_delight-1.16.5-1.2.1.jar loaded!
[m[32m[17:30:27] [main/INFO] [opotato/]: Mod advancementframes-1.16.5-1.0.5.jar loaded!
[m[32m[17:30:27] [main/INFO] [opotato/]: Mod alexsmobs-1.12.1.jar loaded!
[m[32m[17:30:27] [main/INFO] [opotato/]: Mod allurement-1.16.5-1.2.1.jar loaded!
[m[32m[17:30:27] [main/INFO] [opotato/]: Mod antiqueatlas-6.2.4-forge-mc1.16.5.jar loaded!
[m[32m[17:30:27] [main/INFO] [opotato/]: Mod antiquewaystones-1.3.jar loaded!
[m[32m[17:30:27] [main/INFO] [opotato/]: Mod architectury-1.32.68.jar loaded!
[m[32m[17:30:27] [main/INFO] [opotato/]: Mod atmospheric-1.16.5-3.1.1.jar loaded!
[m[32m[17:30:27] [main/INFO] [opotato/]: Mod autumnity-1.16.5-2.1.2.jar loaded!
[m[32m[17:30:27] [main/INFO] [opotato/]: Mod bamboo_blocks-1.16.5-3.0.1.jar loaded!
[m[32m[17:30:27] [main/INFO] [opotato/]: Mod bedspreads-forge-1.16.5-5.1.0.3.jar loaded!
[m[32m[17:30:27] [main/INFO] [opotato/]: Mod berry_good-1.16.5-4.1.2.jar loaded!
[m[32m[17:30:27] [main/INFO] [opotato/]: Mod betterfpsdist-1.2.jar loaded!
[m[32m[17:30:27] [main/INFO] [opotato/]: Mod blockswap-1.1.1.jar loaded!
[m[32m[17:30:27] [main/INFO] [opotato/]: Mod bundlesplus-0.2.1.jar loaded!
[m[32m[17:30:27] [main/INFO] [opotato/]: Mod buzzier_bees-1.16.5-3.0.3.jar loaded!
[m[32m[17:30:27] [main/INFO] [opotato/]: Mod carryon-1.16.5-1.15.6.24.jar loaded!
[m[32m[17:30:27] [main/INFO] [opotato/]: Mod chalk-1.16.5-1.2.1.jar loaded!
[m[32m[17:30:27] [main/INFO] [opotato/]: Mod charm-forge-1.16.5-2.3.2.jar loaded!
[m[32m[17:30:27] [main/INFO] [opotato/]: Mod charmonium-forge-1.16.5-2.3.2.jar loaded!
[m[32m[17:30:27] [main/INFO] [opotato/]: Mod chocolate-1.3.0-1.16.4.jar loaded!
[m[32m[17:30:27] [main/INFO] [opotato/]: Mod chunksending-1.16.5-2.5.jar loaded!
[m[32m[17:30:27] [main/INFO] [opotato/]: Mod citadel-1.8.1-1.16.5.jar loaded!
[m[32m[17:30:27] [main/INFO] [opotato/]: Mod cloth-config-4.17.101-forge.jar loaded!
[m[32m[17:30:27] [main/INFO] [opotato/]: Mod connectivity-2.4-1.16.5.jar loaded!
[m[32m[17:30:27] [main/INFO] [opotato/]: Mod cookielicious-1.16.5-1.4.3.jar loaded!
[m[32m[17:30:27] [main/INFO] [opotato/]: Mod customizableelytra-1.16.4-1.6.1.jar loaded!
[m[32m[17:30:27] [main/INFO] [opotato/]: Mod decorative_blocks-1.16.4-1.7.2.jar loaded!
[m[32m[17:30:27] [main/INFO] [opotato/]: Mod decorative_blocks_abnormals-1.2.jar loaded!
[m[32m[17:30:27] [main/INFO] [opotato/]: Mod decorative_winter-0.1.2.jar loaded!
[m[32m[17:30:27] [main/INFO] [opotato/]: Mod despawn_tweaker-1.16.5-0.0.5.jar loaded!
[m[32m[17:30:27] [main/INFO] [opotato/]: Mod deuf-1.16.5-1.1.jar loaded!
[m[32m[17:30:27] [main/INFO] [opotato/]: Mod differentiate-1.16.5-0.5.3.jar loaded!
[m[32m[17:30:27] [main/INFO] [opotato/]: Mod dungeons_plus-1.16.5-1.1.5.jar loaded!
[m[32m[17:30:27] [main/INFO] [opotato/]: Mod endergetic-1.16.5-3.0.2.jar loaded!
[m[32m[17:30:27] [main/INFO] [opotato/]: Mod environmental-1.16.5-1.1.1.jar loaded!
[m[32m[17:30:27] [main/INFO] [opotato/]: Mod extraboats-1.16.5-2.1.1.jar loaded!
[m[32m[17:30:27] [main/INFO] [opotato/]: Mod fantasy-forge-1.1.1.jar loaded!
[m[32m[17:30:27] [main/INFO] [opotato/]: Mod farmersdelightintegration-1.16.5-1.0.3.jar loaded!
[m[32m[17:30:27] [main/INFO] [opotato/]: Mod farsight-1.4.2-1.16.5.jar loaded!
[m[32m[17:30:27] [main/INFO] [opotato/]: Mod ferritecore-2.1.1-forge.jar loaded!
[m[32m[17:30:27] [main/INFO] [opotato/]: Mod fish_in_planks-1.16.5-0.4.jar loaded!
[m[32m[17:30:27] [main/INFO] [opotato/]: Mod forge-1.16.5-36.2.39-server.jar loaded!
[m[32m[17:30:27] [main/INFO] [opotato/]: Mod forge-1.16.5-36.2.39-universal.jar loaded!
[m[32m[17:30:27] [main/INFO] [opotato/]: Mod forgery-1.16-1.4.0_01.jar loaded!
[m[32m[17:30:27] [main/INFO] [opotato/]: Mod frozenup-1.0.1.jar loaded!
[m[32m[17:30:27] [main/INFO] [opotato/]: Mod ftb-backups-2.1.2.2.jar loaded!
[m[32m[17:30:27] [main/INFO] [opotato/]: Mod ftb-library-forge-1605.3.4-build.90.jar loaded!
[m[32m[17:30:27] [main/INFO] [opotato/]: Mod geckolib-forge-1.16.5-3.0.106.jar loaded!
[m[32m[17:30:27] [main/INFO] [opotato/]: Mod glazedsymmetry-1.0.jar loaded!
[m[32m[17:30:27] [main/INFO] [opotato/]: Mod goaloptimizer-1.16.5-1.1.1.jar loaded!
[m[32m[17:30:27] [main/INFO] [opotato/]: Mod homing_ender_eye-1.16.5-1.0.1.jar loaded!
[m[32m[17:30:27] [main/INFO] [opotato/]: Mod infernal-expansion-1.16.5-2.5.0.jar loaded!
[m[32m[17:30:27] [main/INFO] [opotato/]: Mod irregularchef-1.16.5-1.0.1.jar loaded!
[m[32m[17:30:27] [main/INFO] [opotato/]: Mod itemzoom-1.16.x-2.2.1.jar loaded!
[m[32m[17:30:27] [main/INFO] [opotato/]: Mod jeed-1.16.5-1.6.jar loaded!
[m[32m[17:30:27] [main/INFO] [opotato/]: Mod jei-1.16.5-7.8.0.1009.jar loaded!
[m[32m[17:30:27] [main/INFO] [opotato/]: Mod lazydfu-0.1.3.jar loaded!
[m[32m[17:30:27] [main/INFO] [opotato/]: Mod leap-1.16.4-1.1.1.jar loaded!
[m[32m[17:30:27] [main/INFO] [opotato/]: Mod lepton-1.16.5-1.3.2.jar loaded!
[m[32m[17:30:27] [main/INFO] [opotato/]: Mod lightspeed-1.16.5-1.0.5.jar loaded!
[m[32m[17:30:27] [main/INFO] [opotato/]: Mod mannequins-forge-2.1.0+1.16.5.jar loaded!
[m[32m[17:30:27] [main/INFO] [opotato/]: Mod memoryleakfix-forge-pre1.17-1.0.0.jar loaded!
[m[32m[17:30:27] [main/INFO] [opotato/]: Mod minetogether-1.16.5-5.1.2-forge.jar loaded!
[m[32m[17:30:27] [main/INFO] [opotato/]: Mod modernfix-forge-5.8.1+mc1.16.5.jar loaded!
[m[32m[17:30:27] [main/INFO] [opotato/]: Mod moyai-1.16.5-1.0.2.jar loaded!
[m[32m[17:30:27] [main/INFO] [opotato/]: Mod muchmoremodcompat-1.0.0.jar loaded!
[m[32m[17:30:27] [main/INFO] [opotato/]: Mod neapolitan-1.16.5-2.2.1.jar loaded!
[m[32m[17:30:27] [main/INFO] [opotato/]: Mod opotato-1.16.5-2.1.4.jar loaded!
[m[32m[17:30:27] [main/INFO] [opotato/]: Mod peculiars-1.16.5-2.0.1.jar loaded!
[m[32m[17:30:27] [main/INFO] [opotato/]: Mod personality-1.16.5-1.0.3.jar loaded!
[m[32m[17:30:27] [main/INFO] [opotato/]: Mod pollen-forge-1.5.0+1.16.5.jar loaded!
[m[32m[17:30:27] [main/INFO] [opotato/]: Mod radon-0.8.0a.jar loaded!
[m[32m[17:30:27] [main/INFO] [opotato/]: Mod rawironandgoldupdate.jar loaded!
[m[32m[17:30:27] [main/INFO] [opotato/]: Mod redirector-1.16.5-1.6.0-forge.jar loaded!
[m[32m[17:30:27] [main/INFO] [opotato/]: Mod repurposed_structures_forge-3.4.7+1.16.5.jar loaded!
[m[32m[17:30:27] [main/INFO] [opotato/]: Mod sapience-1.16.5-1.1.2.jar loaded!
[m[32m[17:30:27] [main/INFO] [opotato/]: Mod savageandravage-1.16.5-3.2.0.jar loaded!
[m[32m[17:30:27] [main/INFO] [opotato/]: Mod screenshot-to-clipboard-1.0.7-forge.jar loaded!
[m[32m[17:30:27] [main/INFO] [opotato/]: Mod seals-1.16.3-2.1.2.jar loaded!
[m[32m[17:30:27] [main/INFO] [opotato/]: Mod seasonals-1.16.5-2.0.3.jar loaded!
[m[32m[17:30:27] [main/INFO] [opotato/]: Mod secondchanceforge-1.16.5-1.5.0.jar loaded!
[m[32m[17:30:27] [main/INFO] [opotato/]: Mod selene-1.16.5-1.9.0.jar loaded!
[m[32m[17:30:27] [main/INFO] [opotato/]: Mod shulker_enchantments-2.1.1.jar loaded!
[m[32m[17:30:27] [main/INFO] [opotato/]: Mod shutupexperimentalsettings-1.0.3.jar loaded!
[m[32m[17:30:27] [main/INFO] [opotato/]: Mod skinned_lanterns-1.16.5-1.3.1.jar loaded!
[m[32m[17:30:27] [main/INFO] [opotato/]: Mod smoothchunk1.16.5-2.0.jar loaded!
[m[32m[17:30:27] [main/INFO] [opotato/]: Mod spark-1.9.1-forge.jar loaded!
[m[32m[17:30:27] [main/INFO] [opotato/]: Mod step-1.16.4-1.1.0.jar loaded!
[m[32m[17:30:27] [main/INFO] [opotato/]: Mod structure_gel-1.16.5-1.7.8.jar loaded!
[m[32m[17:30:27] [main/INFO] [opotato/]: Mod supplementaries-1.16.5-0.18.5.jar loaded!
[m[32m[17:30:27] [main/INFO] [opotato/]: Mod the-conjurer-1.16.4-1.0.13.jar loaded!
[m[32m[17:30:27] [main/INFO] [opotato/]: Mod towers_of_the_wild-1.16.3-2.1.0.1.jar loaded!
[m[32m[17:30:27] [main/INFO] [opotato/]: Mod unnamedanimalmod-1.0.0.jar loaded!
[m[32m[17:30:27] [main/INFO] [opotato/]: Mod upgrade_aquatic-1.16.5-3.1.2.jar loaded!
[m[32m[17:30:27] [main/INFO] [opotato/]: Mod windowlogging-mc1.16.5_v0.0.5.jar loaded!
[m[32m[17:30:27] [main/INFO] [opotato/]: Loaded configuration file for Opotato: 34 options available, 0 override(s) found
[m[32m[17:30:28] [main/INFO] [ModernFix/]: Loaded configuration file for ModernFix 5.8.1+mc1.16.5: 79 options available, 2 override(s) found
[m[33m[17:30:28] [main/WARN] [ModernFix/]: Option 'mixin.perf.dynamic_resources' overriden (by user configuration) to 'true'
[m[33m[17:30:28] [main/WARN] [ModernFix/]: Option 'mixin.perf.compress_biome_container' overriden (by mods [chocolate]) to 'false'
[m[32m[17:30:28] [main/INFO] [ModernFix/]: Applied Forge config corruption patch
[m[32m[17:30:29] [main/INFO] [Forgery/]: Reloading configs...
[m[32m[17:30:29] [main/INFO] [Forgery/]: Loading of features.ini done in 14.56 ms with 0 warnings
[m[1;31m[17:30:29] [main/ERROR] [Forgery/]: Cannot look up value for config key general.runtime_checks with no default
[m[33m[17:30:29] [main/WARN] [Forgery/]: Forgery is about to inject into Mixin to add support for failsoft mixins.
[m[33m[17:30:29] [main/WARN] [Forgery/]: THE FOLLOWING WARNINGS ARE NOT AN ERROR AND DO NOT IMPLY FORGERY IS RESPONSIBLE FOR A CRASH.
[m[33m[17:30:29] [main/WARN] [mixin/]: Overriding InjectionInfo for @Inject with com.unascribed.fabrication.support.injection.FailsoftCallbackInjectionInfo (previously org.spongepowered.asm.mixin.injection.struct.CallbackInjectionInfo)
[m[33m[17:30:29] [main/WARN] [mixin/]: Overriding InjectionInfo for @ModifyArg with com.unascribed.fabrication.support.injection.FailsoftModifyArgInjectionInfo (previously org.spongepowered.asm.mixin.injection.struct.ModifyArgInjectionInfo)
[m[33m[17:30:29] [main/WARN] [mixin/]: Overriding InjectionInfo for @ModifyArgs with com.unascribed.fabrication.support.injection.FailsoftModifyArgsInjectionInfo (previously org.spongepowered.asm.mixin.injection.struct.ModifyArgsInjectionInfo)
[m[33m[17:30:29] [main/WARN] [mixin/]: Overriding InjectionInfo for @Redirect with com.unascribed.fabrication.support.injection.FailsoftRedirectInjectionInfo (previously org.spongepowered.asm.mixin.injection.struct.RedirectInjectionInfo)
[m[33m[17:30:29] [main/WARN] [mixin/]: Overriding InjectionInfo for @ModifyVariable with com.unascribed.fabrication.support.injection.FailsoftModifyVariableInjectionInfo (previously org.spongepowered.asm.mixin.injection.struct.ModifyVariableInjectionInfo)
[m[33m[17:30:29] [main/WARN] [mixin/]: Overriding InjectionInfo for @ModifyConstant with com.unascribed.fabrication.support.injection.FailsoftModifyConstantInjectionInfo (previously org.spongepowered.asm.mixin.injection.struct.ModifyConstantInjectionInfo)
[m[33m[17:30:29] [main/WARN] [Forgery/]: Injection complete.
[m[33m[17:30:29] [main/WARN] [mixin/]: Reference map 'yungsbridges.refmap.json' for yungsbridges.mixins.json could not be read. If this is a development environment you can ignore this message
[m[32m[17:30:29] [main/INFO] [RoadRunner Early Loading/]: Loaded rule configuration file for RoadRunner: 81 options available, 0 override(s) found
[m[33m[17:30:29] [main/WARN] [mixin/]: Reference map 'antiqueatlas-forge-refmap.json' for antiqueatlas.mixins.json could not be read. If this is a development environment you can ignore this message
[m[32m[17:30:29] [main/INFO] [ne.mi.co.Co.placebo/COREMODLOG]: Patching LivingEntity#attackEntityFrom
[m[1;31m[17:30:29] [main/FATAL] [ne.mi.fm.lo.RuntimeDistCleaner/DISTXFORM]: Attempted to load class net/minecraft/client/Minecraft for invalid dist DEDICATED_SERVER
[m[33m[17:30:29] [main/WARN] [mixin/]: Error loading class: net/minecraft/client/Minecraft (java.lang.RuntimeException: Attempted to load class net/minecraft/client/Minecraft for invalid dist DEDICATED_SERVER)
[m[33m[17:30:29] [main/WARN] [mixin/]: @Mixin target net.minecraft.client.Minecraft was not found modernfix-common.mixins.json:bugfix.world_leaks.MinecraftMixin
[m[32m[17:30:30] [main/INFO] [ne.mi.co.Co.placebo/COREMODLOG]: Patching ItemStack#onItemUse
[m[1;31m[17:30:30] [main/FATAL] [ne.mi.fm.lo.RuntimeDistCleaner/DISTXFORM]: Attempted to load class net/minecraft/client/renderer/model/ItemOverrideList for invalid dist DEDICATED_SERVER
[m[33m[17:30:30] [main/WARN] [mixin/]: Error loading class: net/minecraft/client/renderer/model/ItemOverrideList (java.lang.RuntimeException: Attempted to load class net/minecraft/client/renderer/model/ItemOverrideList for invalid dist DEDICATED_SERVER)
[m[33m[17:30:30] [main/WARN] [mixin/]: @Mixin target net.minecraft.client.renderer.model.ItemOverrideList was not found modernfix-common.mixins.json:perf.dynamic_resources.ItemOverridesMixin
[m[1;31m[17:30:30] [main/FATAL] [ne.mi.fm.lo.RuntimeDistCleaner/DISTXFORM]: Attempted to load class net/minecraft/client/renderer/ItemModelMesher for invalid dist DEDICATED_SERVER
[m[33m[17:30:30] [main/WARN] [mixin/]: Error loading class: net/minecraft/client/renderer/ItemModelMesher (java.lang.RuntimeException: Attempted to load class net/minecraft/client/renderer/ItemModelMesher for invalid dist DEDICATED_SERVER)
[m[33m[17:30:30] [main/WARN] [mixin/]: @Mixin target net.minecraft.client.renderer.ItemModelMesher was not found modernfix-common.mixins.json:perf.dynamic_resources.ItemModelShaperMixin
[m[32m[17:30:30] [main/INFO] [ne.mi.co.Co.placebo/COREMODLOG]: Patching LootTableManager#apply
[m[33m[17:30:30] [main/WARN] [mixin/]: Error loading class: net/minecraft/client/util/InputMappings (java.lang.ClassNotFoundException: null)
[m[33m[17:30:30] [main/WARN] [mixin/]: @Mixin target net.minecraft.client.util.InputMappings was not found modernfix-forge.mixins.json:perf.async_jei.InputConstantsMixin
[m[32m[17:30:30] [main/INFO] [ne.mi.co.Co.placebo/COREMODLOG]: Patching ModelBakery#<init>
[m[1;31m[17:30:30] [main/FATAL] [ne.mi.fm.lo.RuntimeDistCleaner/DISTXFORM]: Attempted to load class net/minecraft/client/renderer/model/ModelBakery for invalid dist DEDICATED_SERVER
[m[33m[17:30:30] [main/WARN] [mixin/]: Error loading class: net/minecraft/client/renderer/model/ModelBakery (java.lang.RuntimeException: Attempted to load class net/minecraft/client/renderer/model/ModelBakery for invalid dist DEDICATED_SERVER)
[m[33m[17:30:30] [main/WARN] [mixin/]: @Mixin target net.minecraft.client.renderer.model.ModelBakery was not found lightspeed.mixins.json:model.ModelBakeryMixin
[m[1;31m[17:30:30] [main/FATAL] [ne.mi.fm.lo.RuntimeDistCleaner/DISTXFORM]: Attempted to load class net/minecraft/client/renderer/entity/PlayerRenderer for invalid dist DEDICATED_SERVER
[m[33m[17:30:30] [main/WARN] [mixin/]: Error loading class: net/minecraft/client/renderer/entity/PlayerRenderer (java.lang.RuntimeException: Attempted to load class net/minecraft/client/renderer/entity/PlayerRenderer for invalid dist DEDICATED_SERVER)
[m[33m[17:30:30] [main/WARN] [mixin/]: @Mixin target net.minecraft.client.renderer.entity.PlayerRenderer was not found seals.mixins.json:MixinPlayerRenderer
[m[1;31m[17:30:30] [main/FATAL] [ne.mi.fm.lo.RuntimeDistCleaner/DISTXFORM]: Attempted to load class net/minecraft/client/renderer/entity/layers/BipedArmorLayer for invalid dist DEDICATED_SERVER
[m[33m[17:30:30] [main/WARN] [mixin/]: Error loading class: net/minecraft/client/renderer/entity/layers/BipedArmorLayer (java.lang.RuntimeException: Attempted to load class net/minecraft/client/renderer/entity/layers/BipedArmorLayer for invalid dist DEDICATED_SERVER)
[m[33m[17:30:30] [main/WARN] [mixin/]: @Mixin target net.minecraft.client.renderer.entity.layers.BipedArmorLayer was not found neapolitan.mixins.json:BipedArmorLayerMixin
[m[32m[17:30:31] [main/INFO] [ne.mi.co.Co.placebo/COREMODLOG]: Patching DataPackRegistries#<init>
[m[1;31m[17:30:31] [main/FATAL] [ne.mi.fm.lo.RuntimeDistCleaner/DISTXFORM]: Attempted to load class net/minecraft/client/gui/screen/CreateWorldScreen for invalid dist DEDICATED_SERVER
[m[33m[17:30:31] [main/WARN] [mixin/]: Error loading class: net/minecraft/client/gui/screen/CreateWorldScreen (java.lang.RuntimeException: Attempted to load class net/minecraft/client/gui/screen/CreateWorldScreen for invalid dist DEDICATED_SERVER)
[m[33m[17:30:31] [main/WARN] [mixin/]: @Mixin target net.minecraft.client.gui.screen.CreateWorldScreen was not found mixins.defaultoptions.json:CreateWorldScreenAccessor
[m[1;31m[17:30:31] [main/FATAL] [ne.mi.fm.lo.RuntimeDistCleaner/DISTXFORM]: Attempted to load class net/minecraft/client/GameSettings for invalid dist DEDICATED_SERVER
[m[33m[17:30:31] [main/WARN] [mixin/]: Error loading class: net/minecraft/client/GameSettings (java.lang.RuntimeException: Attempted to load class net/minecraft/client/GameSettings for invalid dist DEDICATED_SERVER)
[m[33m[17:30:31] [main/WARN] [mixin/]: @Mixin target net.minecraft.client.GameSettings was not found mixins.defaultoptions.json:GameSettingsMixin
[m[32m[17:30:31] [main/INFO] [memoryleakfix/]: [MemoryLeakFix] Will be applying 3 memory leak fixes!
[m[32m[17:30:31] [main/INFO] [memoryleakfix/]: [MemoryLeakFix] Currently enabled memory leak fixes: [entityMemoriesLeak, biomeTemperatureLeak, drownedNavigationLeak]
[m[32m[17:30:31] [main/INFO] [minecraft/Bootstrap]: ModernFix reached bootstrap stage (9.529 s after launch)
[m[33m[17:30:31] [main/WARN] [mixin/]: @Redirect conflict. Skipping redirector.mixins.json:net.minecraft.world.level.block.piston.PistonBaseBlockMixin->@Redirect::redirectDirections()[Lnet/minecraft/util/Direction; with priority 10, already redirected by roadrunner.mixins.json:alloc.enum_values.PistonBlockMixin->@Redirect::redirectShouldExtendDirectionValues()[Lnet/minecraft/util/Direction; with priority 1000
[m[33m[17:30:31] [main/WARN] [mixin/]: @Redirect conflict. Skipping redirector.mixins.json:net.minecraft.world.level.block.piston.PistonBaseBlockMixin->@Redirect::redirectDirections()[Lnet/minecraft/util/Direction; with priority 10, already redirected by roadrunner.mixins.json:alloc.enum_values.PistonBlockMixin->@Redirect::redirectShouldExtendDirectionValues()[Lnet/minecraft/util/Direction; with priority 1000
[m[33m[17:30:32] [main/WARN] [mixin/]: @Redirect conflict. Skipping redirector.mixins.json:net.minecraft.world.level.block.RedStoneWireBlockMixin->@Redirect::redirectDirections()[Lnet/minecraft/util/Direction; with priority 10, already redirected by roadrunner.mixins.json:alloc.enum_values.RedstoneWireBlockMixin->@Redirect::redirectUpdateDirectionValues()[Lnet/minecraft/util/Direction; with priority 1000
[m[33m[17:30:32] [main/WARN] [mixin/]: @Redirect conflict. Skipping redirector.mixins.json:net.minecraft.world.level.block.RedStoneWireBlockMixin->@Redirect::redirectDirections()[Lnet/minecraft/util/Direction; with priority 10, already redirected by roadrunner.mixins.json:alloc.enum_values.RedstoneWireBlockMixin->@Redirect::redirectUpdateNeighborsDirectionValues()[Lnet/minecraft/util/Direction; with priority 1000
[m[32m[17:30:32] [main/INFO] [ModernFix/]: Injecting BlockStateBase cache population hook into func_204519_t from me.jellysquid.mods.lithium.mixin.block.flatten_states.AbstractBlockStateMixin
[m[32m[17:30:32] [main/INFO] [ne.mi.co.Co.placebo/COREMODLOG]: Patching LivingEntity#attackEntityFrom
[m[33m[17:30:32] [main/WARN] [mixin/]: @Redirect conflict. Skipping redirector.mixins.json:net.minecraft.world.entity.LivingEntityMixin->@Redirect::redirectEquipmentSlots()[Lnet/minecraft/inventory/EquipmentSlotType; with priority 10, already redirected by roadrunner.mixins.json:alloc.enum_values.LivingEntityMixin->@Redirect::redirectEquipmentSlotsClone()[Lnet/minecraft/inventory/EquipmentSlotType; with priority 1000
[m[32m[17:30:32] [main/INFO] [FerriteCore - class definer/]: Using Java 9+ class definer
[m[32m[17:30:32] [main/INFO] [ne.mi.co.Co.placebo/COREMODLOG]: Patching ItemStack#onItemUse
[m[33m[17:30:33] [main/WARN] [mixin/]: @Redirect conflict. Skipping redirector.mixins.json:net.minecraft.world.level.block.piston.PistonStructureResolverMixin->@Redirect::redirectDirections()[Lnet/minecraft/util/Direction; with priority 10, already redirected by roadrunner.mixins.json:alloc.enum_values.PistonHandlerMixin->@Redirect::redirectCanMoveAdjacentBlockValues()[Lnet/minecraft/util/Direction; with priority 1000
[m[32m[17:30:35] [main/INFO] [minecraft/Bootstrap]: Vanilla bootstrap took 3657 milliseconds
[m[32m[17:30:35] [main/INFO] [ne.mi.re.GameData/]: Potentially Dangerous alternative prefix `citadel` for name `debug`, expected `minecraft`. This could be a intended override, but in most cases indicates a broken mod.
[m[32m[17:30:35] [main/INFO] [ne.mi.re.GameData/]: Potentially Dangerous alternative prefix `citadel` for name `citadel_book`, expected `minecraft`. This could be a intended override, but in most cases indicates a broken mod.
[m[32m[17:30:35] [main/INFO] [ne.mi.re.GameData/]: Potentially Dangerous alternative prefix `citadel` for name `effect_item`, expected `minecraft`. This could be a intended override, but in most cases indicates a broken mod.
[m[32m[17:30:35] [main/INFO] [ne.mi.re.GameData/]: Potentially Dangerous alternative prefix `citadel` for name `fancy_item`, expected `minecraft`. This could be a intended override, but in most cases indicates a broken mod.
[m[32m[17:30:35] [modloading-worker-0/INFO] [or.in.in.InfernalExpansion/]: Infernal Expansion: Sound Events Registered!
[m[32m[17:30:35] [modloading-worker-3/INFO] [or.in.se.SecondChanceForge/]: Second Chance: Sound Events Registered!
[m[32m[17:30:35] [modloading-worker-0/INFO] [or.in.in.InfernalExpansion/]: Infernal Expansion: Blocks Registered!
[m[32m[17:30:35] [modloading-worker-0/INFO] [or.in.in.InfernalExpansion/]: Infernal Expansion: Items Registered!
[m[32m[17:30:35] [modloading-worker-0/INFO] [or.in.in.InfernalExpansion/]: Infernal Expansion: Effects Registered!
[m[32m[17:30:35] [modloading-worker-0/INFO] [or.in.in.InfernalExpansion/]: Infernal Expansion: Potions Registered!
[m[32m[17:30:35] [modloading-worker-0/INFO] [or.in.in.InfernalExpansion/]: Infernal Expansion: Entity Types Registered!
[m[32m[17:30:35] [modloading-worker-0/INFO] [or.in.in.InfernalExpansion/]: Infernal Expansion: Painting Types Registered!
[m[32m[17:30:35] [modloading-worker-0/INFO] [or.in.in.InfernalExpansion/]: Infernal Expansion: Tile Entity Types Registered!
[m[32m[17:30:35] [modloading-worker-0/INFO] [or.in.in.InfernalExpansion/]: Infernal Expansion: Biomes Registered!
[m[32m[17:30:35] [modloading-worker-0/INFO] [or.in.in.InfernalExpansion/]: Infernal Expansion: Loot Modifiers Registered!
[m[32m[17:30:35] [modloading-worker-0/INFO] [or.in.in.InfernalExpansion/]: Infernal Expansion: Entity Classifications Registered!
[m[32m[17:30:35] [modloading-worker-0/INFO] [ne.mi.co.Co.placebo/COREMODLOG]: Patching DataPackRegistries#<init>
[m[32m[17:30:35] [modloading-worker-1/INFO] [ne.mi.co.Co.placebo/COREMODLOG]: Patching LootTableManager#apply
[m[32m[17:30:36] [modloading-worker-3/INFO] [Forgery/]: Loading of yeet_recipes.ini done in 2.173 ms with 0 warnings
[m[32m[17:30:36] [modloading-worker-3/INFO] [Forgery/]: Loading of dimensional_tools.ini done in 2.164 ms with 0 warnings
[m[32m[17:30:36] [modloading-worker-3/INFO] [Forgery/]: Loading of gear_components.ini done in 8.774 ms with 0 warnings
[m[33m[17:30:36] [modloading-worker-3/WARN] [Forgery/]: @special.renamed must be one of unset, forever, f, invincible, invulnerable, i, instantly, or a timespec like 30s (got ) at <unknown>
[m[32m[17:30:36] [modloading-worker-3/INFO] [Forgery/]: Loading of item_despawn.ini done in 2.453 ms with 1 warning
[m[33m[17:30:36] [modloading-worker-3/WARN] [mixin/]: @Redirect conflict. Skipping redirector.mixins.json:net.minecraft.world.level.block.state.CacheMixin->@Redirect::redirectSupportTypes()[Lnet/minecraft/util/BlockVoxelShape; with priority 10, already redirected by modernfix-common.mixins.json:perf.cache_blockstate_cache_arrays.AbstractBlockStateCacheMixin->@Redirect::getVoxelShapeValues()[Lnet/minecraft/util/BlockVoxelShape; with priority 1000
[m[32m[17:30:36] [modloading-worker-2/INFO] [chocolate/]: Vanilla is real good, but chocolate is better, let's be honest. :)
[m[33m[17:30:36] [modloading-worker-3/WARN] [mixin/]: Method overwrite conflict for func_225532_a_ in roadrunner.mixins.json:gen.voronoi_biomes.VoronoiBiomeAccessTypeMixin, previously written by org.embeddedt.modernfix.common.mixin.perf.biome_zoomer.FuzzyOffsetBiomeZoomerMixin. Skipping method.
[m[32m[17:30:36] [Thread-0/INFO] [ModernFix/]: Please use /mfsrc to reload any changed mod config files
[m[33m[17:30:36] [modloading-worker-2/WARN] [Simple Discord Rich Presence/]: This is a client only mod!
[m[32m[17:30:37] [modloading-worker-1/INFO] [ne.mi.co.ForgeMod/FORGEMOD]: Forge mod loading, version 36.2.39, for MC 1.16.5 with MCP 20210115.111550
[m[32m[17:30:37] [modloading-worker-1/INFO] [ne.mi.co.MinecraftForge/FORGE]: MinecraftForge v36.2.39 Initialized
[m[32m[17:30:37] [modloading-worker-1/INFO] [co._i.to.TowersOfTheWild/]: tower structure registered
[m[32m[17:30:37] [modloading-worker-1/INFO] [co._i.to.TowersOfTheWild/]: ice_tower structure registered
[m[32m[17:30:37] [modloading-worker-1/INFO] [co._i.to.TowersOfTheWild/]: jungle_tower structure registered
[m[32m[17:30:37] [modloading-worker-1/INFO] [co._i.to.TowersOfTheWild/]: derelict_tower structure registered
[m[32m[17:30:37] [modloading-worker-1/INFO] [co._i.to.TowersOfTheWild/]: derelict_grass_tower structure registered
[m[32m[17:30:37] [modloading-worker-1/INFO] [co._i.to.TowersOfTheWild/]: ocean_tower structure registered
[m[32m[17:30:37] [modloading-worker-1/INFO] [co._i.to.TowersOfTheWild/]: ocean_warm_tower structure registered
[m[32m[17:30:37] [modloading-worker-3/INFO] [inspirations/]: Loading replacements config file...
[m[32m[17:30:37] [modloading-worker-3/INFO] [inspirations/]: Config loaded.
[m[32m[17:30:37] [modloading-worker-1/INFO] [Charm/INTERNAL]: Setting up a new Charm-based module 'charmonium'
[m[32m[17:30:37] [modloading-worker-2/INFO] [Charm/INTERNAL]: Setting up a new Charm-based module 'charm'
[m[32m[17:30:38] [modloading-worker-1/INFO] [Charm/INTERNAL]: Subscribed 'charmonium' to Forge event bus
[m[32m[17:30:38] [modloading-worker-2/INFO] [Charm/INTERNAL]: Subscribed 'charm' to Forge event bus
[m[32m[17:30:38] [modloading-worker-2/INFO] [Charm/INTERNAL]: Loaded Quark compatibility class
[m[1;31m[17:30:38] [main/FATAL] [ne.mi.fm.lo.RuntimeDistCleaner/DISTXFORM]: Attempted to load class net/minecraft/client/particle/ParticleManager for invalid dist DEDICATED_SERVER
[m[1;31m[17:30:38] [main/FATAL] [ne.mi.fm.lo.RuntimeDistCleaner/DISTXFORM]: Attempted to load class net/minecraft/client/particle/ParticleManager for invalid dist DEDICATED_SERVER
[m[33m[17:30:39] [main/WARN] [mixin/]: @Final field field_242962_a:Lnet/minecraft/block/AbstractBlock$IPositionPredicate; in charm.mixins.json:PortalSizeMixin should be final
[m[32m[17:30:40] [main/INFO] [ne.mi.re.GameData/]: Potentially Dangerous alternative prefix `cookielicious` for name `cookie_tiles`, expected `differentiate`. This could be a intended override, but in most cases indicates a broken mod.
[m[32m[17:30:40] [main/INFO] [ne.mi.re.GameData/]: Potentially Dangerous alternative prefix `cookielicious` for name `cookie_tile_slab`, expected `differentiate`. This could be a intended override, but in most cases indicates a broken mod.
[m[32m[17:30:40] [main/INFO] [ne.mi.re.GameData/]: Potentially Dangerous alternative prefix `cookielicious` for name `cookie_tile_stairs`, expected `differentiate`. This could be a intended override, but in most cases indicates a broken mod.
[m[32m[17:30:40] [main/INFO] [ne.mi.re.GameData/]: Potentially Dangerous alternative prefix `cookielicious` for name `cookie_tile_wall`, expected `differentiate`. This could be a intended override, but in most cases indicates a broken mod.
[m[32m[17:30:40] [main/INFO] [ne.mi.re.GameData/]: Potentially Dangerous alternative prefix `cookielicious` for name `cookie_tile_vertical_slab`, expected `differentiate`. This could be a intended override, but in most cases indicates a broken mod.
[m[32m[17:30:40] [main/INFO] [ne.mi.re.GameData/]: Potentially Dangerous alternative prefix `cookielicious` for name `strawberry_cookie_tiles`, expected `differentiate`. This could be a intended override, but in most cases indicates a broken mod.
[m[32m[17:30:40] [main/INFO] [ne.mi.re.GameData/]: Potentially Dangerous alternative prefix `cookielicious` for name `strawberry_cookie_tile_slab`, expected `differentiate`. This could be a intended override, but in most cases indicates a broken mod.
[m[32m[17:30:40] [main/INFO] [ne.mi.re.GameData/]: Potentially Dangerous alternative prefix `cookielicious` for name `strawberry_cookie_tile_stairs`, expected `differentiate`. This could be a intended override, but in most cases indicates a broken mod.
[m[32m[17:30:40] [main/INFO] [ne.mi.re.GameData/]: Potentially Dangerous alternative prefix `cookielicious` for name `strawberry_cookie_tile_wall`, expected `differentiate`. This could be a intended override, but in most cases indicates a broken mod.
[m[32m[17:30:40] [main/INFO] [ne.mi.re.GameData/]: Potentially Dangerous alternative prefix `cookielicious` for name `strawberry_cookie_tile_vertical_slab`, expected `differentiate`. This could be a intended override, but in most cases indicates a broken mod.
[m[32m[17:30:40] [main/INFO] [ne.mi.re.GameData/]: Potentially Dangerous alternative prefix `cookielicious` for name `chocolate_cookie_tiles`, expected `differentiate`. This could be a intended override, but in most cases indicates a broken mod.
[m[32m[17:30:40] [main/INFO] [ne.mi.re.GameData/]: Potentially Dangerous alternative prefix `cookielicious` for name `chocolate_cookie_tile_slab`, expected `differentiate`. This could be a intended override, but in most cases indicates a broken mod.
[m[32m[17:30:40] [main/INFO] [ne.mi.re.GameData/]: Potentially Dangerous alternative prefix `cookielicious` for name `chocolate_cookie_tile_stairs`, expected `differentiate`. This could be a intended override, but in most cases indicates a broken mod.
[m[32m[17:30:40] [main/INFO] [ne.mi.re.GameData/]: Potentially Dangerous alternative prefix `cookielicious` for name `chocolate_cookie_tile_wall`, expected `differentiate`. This could be a intended override, but in most cases indicates a broken mod.
[m[32m[17:30:40] [main/INFO] [ne.mi.re.GameData/]: Potentially Dangerous alternative prefix `cookielicious` for name `chocolate_cookie_tile_vertical_slab`, expected `differentiate`. This could be a intended override, but in most cases indicates a broken mod.
[m[32m[17:30:40] [main/INFO] [ne.mi.re.GameData/]: Potentially Dangerous alternative prefix `cookielicious` for name `vanilla_cookie_tiles`, expected `differentiate`. This could be a intended override, but in most cases indicates a broken mod.
[m[32m[17:30:40] [main/INFO] [ne.mi.re.GameData/]: Potentially Dangerous alternative prefix `cookielicious` for name `vanilla_cookie_tile_slab`, expected `differentiate`. This could be a intended override, but in most cases indicates a broken mod.
[m[32m[17:30:40] [main/INFO] [ne.mi.re.GameData/]: Potentially Dangerous alternative prefix `cookielicious` for name `vanilla_cookie_tile_stairs`, expected `differentiate`. This could be a intended override, but in most cases indicates a broken mod.
[m[32m[17:30:40] [main/INFO] [ne.mi.re.GameData/]: Potentially Dangerous alternative prefix `cookielicious` for name `vanilla_cookie_tile_wall`, expected `differentiate`. This could be a intended override, but in most cases indicates a broken mod.
[m[32m[17:30:40] [main/INFO] [ne.mi.re.GameData/]: Potentially Dangerous alternative prefix `cookielicious` for name `vanilla_cookie_tile_vertical_slab`, expected `differentiate`. This could be a intended override, but in most cases indicates a broken mod.
[m[32m[17:30:40] [main/INFO] [ne.mi.re.GameData/]: Potentially Dangerous alternative prefix `cookielicious` for name `honey_cookie_tiles`, expected `differentiate`. This could be a intended override, but in most cases indicates a broken mod.
[m[32m[17:30:40] [main/INFO] [ne.mi.re.GameData/]: Potentially Dangerous alternative prefix `cookielicious` for name `honey_cookie_tile_slab`, expected `differentiate`. This could be a intended override, but in most cases indicates a broken mod.
[m[32m[17:30:40] [main/INFO] [ne.mi.re.GameData/]: Potentially Dangerous alternative prefix `cookielicious` for name `honey_cookie_tile_stairs`, expected `differentiate`. This could be a intended override, but in most cases indicates a broken mod.
[m[32m[17:30:40] [main/INFO] [ne.mi.re.GameData/]: Potentially Dangerous alternative prefix `cookielicious` for name `honey_cookie_tile_wall`, expected `differentiate`. This could be a intended override, but in most cases indicates a broken mod.
[m[32m[17:30:40] [main/INFO] [ne.mi.re.GameData/]: Potentially Dangerous alternative prefix `cookielicious` for name `honey_cookie_tile_vertical_slab`, expected `differentiate`. This could be a intended override, but in most cases indicates a broken mod.
[m[32m[17:30:40] [main/INFO] [ne.mi.re.GameData/]: Potentially Dangerous alternative prefix `cookielicious` for name `sweet_berry_cookie_tiles`, expected `differentiate`. This could be a intended override, but in most cases indicates a broken mod.
[m[32m[17:30:40] [main/INFO] [ne.mi.re.GameData/]: Potentially Dangerous alternative prefix `cookielicious` for name `sweet_berry_cookie_tile_slab`, expected `differentiate`. This could be a intended override, but in most cases indicates a broken mod.
[m[32m[17:30:40] [main/INFO] [ne.mi.re.GameData/]: Potentially Dangerous alternative prefix `cookielicious` for name `sweet_berry_cookie_tile_stairs`, expected `differentiate`. This could be a intended override, but in most cases indicates a broken mod.
[m[32m[17:30:40] [main/INFO] [ne.mi.re.GameData/]: Potentially Dangerous alternative prefix `cookielicious` for name `sweet_berry_cookie_tile_wall`, expected `differentiate`. This could be a intended override, but in most cases indicates a broken mod.
[m[32m[17:30:40] [main/INFO] [ne.mi.re.GameData/]: Potentially Dangerous alternative prefix `cookielicious` for name `sweet_berry_cookie_tile_vertical_slab`, expected `differentiate`. This could be a intended override, but in most cases indicates a broken mod.
[m[32m[17:30:40] [main/INFO] [ne.mi.re.GameData/]: Potentially Dangerous alternative prefix `cookielicious` for name `banana_cookie_tiles`, expected `differentiate`. This could be a intended override, but in most cases indicates a broken mod.
[m[32m[17:30:40] [main/INFO] [ne.mi.re.GameData/]: Potentially Dangerous alternative prefix `cookielicious` for name `banana_cookie_tile_slab`, expected `differentiate`. This could be a intended override, but in most cases indicates a broken mod.
[m[32m[17:30:40] [main/INFO] [ne.mi.re.GameData/]: Potentially Dangerous alternative prefix `cookielicious` for name `banana_cookie_tile_stairs`, expected `differentiate`. This could be a intended override, but in most cases indicates a broken mod.
[m[32m[17:30:40] [main/INFO] [ne.mi.re.GameData/]: Potentially Dangerous alternative prefix `cookielicious` for name `banana_cookie_tile_wall`, expected `differentiate`. This could be a intended override, but in most cases indicates a broken mod.
[m[32m[17:30:40] [main/INFO] [ne.mi.re.GameData/]: Potentially Dangerous alternative prefix `cookielicious` for name `banana_cookie_tile_vertical_slab`, expected `differentiate`. This could be a intended override, but in most cases indicates a broken mod.
[m[32m[17:30:40] [main/INFO] [ne.mi.re.GameData/]: Potentially Dangerous alternative prefix `cookielicious` for name `mint_cookie_tiles`, expected `differentiate`. This could be a intended override, but in most cases indicates a broken mod.
[m[32m[17:30:40] [main/INFO] [ne.mi.re.GameData/]: Potentially Dangerous alternative prefix `cookielicious` for name `mint_cookie_tile_slab`, expected `differentiate`. This could be a intended override, but in most cases indicates a broken mod.
[m[32m[17:30:40] [main/INFO] [ne.mi.re.GameData/]: Potentially Dangerous alternative prefix `cookielicious` for name `mint_cookie_tile_stairs`, expected `differentiate`. This could be a intended override, but in most cases indicates a broken mod.
[m[32m[17:30:40] [main/INFO] [ne.mi.re.GameData/]: Potentially Dangerous alternative prefix `cookielicious` for name `mint_cookie_tile_wall`, expected `differentiate`. This could be a intended override, but in most cases indicates a broken mod.
[m[32m[17:30:40] [main/INFO] [ne.mi.re.GameData/]: Potentially Dangerous alternative prefix `cookielicious` for name `mint_cookie_tile_vertical_slab`, expected `differentiate`. This could be a intended override, but in most cases indicates a broken mod.
[m[32m[17:30:40] [main/INFO] [ne.mi.re.GameData/]: Potentially Dangerous alternative prefix `cookielicious` for name `adzuki_cookie_tiles`, expected `differentiate`. This could be a intended override, but in most cases indicates a broken mod.
[m[32m[17:30:40] [main/INFO] [ne.mi.re.GameData/]: Potentially Dangerous alternative prefix `cookielicious` for name `adzuki_cookie_tile_slab`, expected `differentiate`. This could be a intended override, but in most cases indicates a broken mod.
[m[32m[17:30:40] [main/INFO] [ne.mi.re.GameData/]: Potentially Dangerous alternative prefix `cookielicious` for name `adzuki_cookie_tile_stairs`, expected `differentiate`. This could be a intended override, but in most cases indicates a broken mod.
[m[32m[17:30:40] [main/INFO] [ne.mi.re.GameData/]: Potentially Dangerous alternative prefix `cookielicious` for name `adzuki_cookie_tile_wall`, expected `differentiate`. This could be a intended override, but in most cases indicates a broken mod.
[m[32m[17:30:40] [main/INFO] [ne.mi.re.GameData/]: Potentially Dangerous alternative prefix `cookielicious` for name `adzuki_cookie_tile_vertical_slab`, expected `differentiate`. This could be a intended override, but in most cases indicates a broken mod.
[m[32m[17:30:40] [main/INFO] [ne.mi.re.GameData/]: Potentially Dangerous alternative prefix `cookielicious` for name `cherry_cookie_tiles`, expected `differentiate`. This could be a intended override, but in most cases indicates a broken mod.
[m[32m[17:30:40] [main/INFO] [ne.mi.re.GameData/]: Potentially Dangerous alternative prefix `cookielicious` for name `cherry_cookie_tile_slab`, expected `differentiate`. This could be a intended override, but in most cases indicates a broken mod.
[m[32m[17:30:40] [main/INFO] [ne.mi.re.GameData/]: Potentially Dangerous alternative prefix `cookielicious` for name `cherry_cookie_tile_stairs`, expected `differentiate`. This could be a intended override, but in most cases indicates a broken mod.
[m[32m[17:30:40] [main/INFO] [ne.mi.re.GameData/]: Potentially Dangerous alternative prefix `cookielicious` for name `cherry_cookie_tile_wall`, expected `differentiate`. This could be a intended override, but in most cases indicates a broken mod.
[m[32m[17:30:40] [main/INFO] [ne.mi.re.GameData/]: Potentially Dangerous alternative prefix `cookielicious` for name `cherry_cookie_tile_vertical_slab`, expected `differentiate`. This could be a intended override, but in most cases indicates a broken mod.
[m[32m[17:30:40] [main/INFO] [ne.mi.re.GameData/]: Potentially Dangerous alternative prefix `cookielicious` for name `mulberry_cookie_tiles`, expected `differentiate`. This could be a intended override, but in most cases indicates a broken mod.
[m[32m[17:30:40] [main/INFO] [ne.mi.re.GameData/]: Potentially Dangerous alternative prefix `cookielicious` for name `mulberry_cookie_tile_slab`, expected `differentiate`. This could be a intended override, but in most cases indicates a broken mod.
[m[32m[17:30:40] [main/INFO] [ne.mi.re.GameData/]: Potentially Dangerous alternative prefix `cookielicious` for name `mulberry_cookie_tile_stairs`, expected `differentiate`. This could be a intended override, but in most cases indicates a broken mod.
[m[32m[17:30:40] [main/INFO] [ne.mi.re.GameData/]: Potentially Dangerous alternative prefix `cookielicious` for name `mulberry_cookie_tile_wall`, expected `differentiate`. This could be a intended override, but in most cases indicates a broken mod.
[m[32m[17:30:40] [main/INFO] [ne.mi.re.GameData/]: Potentially Dangerous alternative prefix `cookielicious` for name `mulberry_cookie_tile_vertical_slab`, expected `differentiate`. This could be a intended override, but in most cases indicates a broken mod.
[m[32m[17:30:40] [main/INFO] [ne.mi.re.GameData/]: Potentially Dangerous alternative prefix `cookielicious` for name `maple_cookie_tiles`, expected `differentiate`. This could be a intended override, but in most cases indicates a broken mod.
[m[32m[17:30:40] [main/INFO] [ne.mi.re.GameData/]: Potentially Dangerous alternative prefix `cookielicious` for name `maple_cookie_tile_slab`, expected `differentiate`. This could be a intended override, but in most cases indicates a broken mod.
[m[32m[17:30:40] [main/INFO] [ne.mi.re.GameData/]: Potentially Dangerous alternative prefix `cookielicious` for name `maple_cookie_tile_stairs`, expected `differentiate`. This could be a intended override, but in most cases indicates a broken mod.
[m[32m[17:30:40] [main/INFO] [ne.mi.re.GameData/]: Potentially Dangerous alternative prefix `cookielicious` for name `maple_cookie_tile_wall`, expected `differentiate`. This could be a intended override, but in most cases indicates a broken mod.
[m[32m[17:30:40] [main/INFO] [ne.mi.re.GameData/]: Potentially Dangerous alternative prefix `cookielicious` for name `maple_cookie_tile_vertical_slab`, expected `differentiate`. This could be a intended override, but in most cases indicates a broken mod.
[m[32m[17:30:40] [main/INFO] [ne.mi.re.GameData/]: Potentially Dangerous alternative prefix `cookielicious` for name `gooseberry_jam_cookie_tiles`, expected `differentiate`. This could be a intended override, but in most cases indicates a broken mod.
[m[32m[17:30:40] [main/INFO] [ne.mi.re.GameData/]: Potentially Dangerous alternative prefix `cookielicious` for name `gooseberry_jam_cookie_tile_slab`, expected `differentiate`. This could be a intended override, but in most cases indicates a broken mod.
[m[32m[17:30:40] [main/INFO] [ne.mi.re.GameData/]: Potentially Dangerous alternative prefix `cookielicious` for name `gooseberry_jam_cookie_tile_stairs`, expected `differentiate`. This could be a intended override, but in most cases indicates a broken mod.
[m[32m[17:30:40] [main/INFO] [ne.mi.re.GameData/]: Potentially Dangerous alternative prefix `cookielicious` for name `gooseberry_jam_cookie_tile_wall`, expected `differentiate`. This could be a intended override, but in most cases indicates a broken mod.
[m[32m[17:30:40] [main/INFO] [ne.mi.re.GameData/]: Potentially Dangerous alternative prefix `cookielicious` for name `gooseberry_jam_cookie_tile_vertical_slab`, expected `differentiate`. This could be a intended override, but in most cases indicates a broken mod.
[m[32m[17:30:40] [main/INFO] [ne.mi.re.GameData/]: Potentially Dangerous alternative prefix `lepton` for name `cracked_sandstone`, expected `differentiate`. This could be a intended override, but in most cases indicates a broken mod.
[m[32m[17:30:40] [main/INFO] [ne.mi.re.GameData/]: Potentially Dangerous alternative prefix `lepton` for name `cracked_red_sandstone`, expected `differentiate`. This could be a intended override, but in most cases indicates a broken mod.
[m[32m[17:30:40] [main/INFO] [ne.mi.re.GameData/]: Potentially Dangerous alternative prefix `lepton` for name `cracked_sandstone_slab`, expected `differentiate`. This could be a intended override, but in most cases indicates a broken mod.
[m[32m[17:30:40] [main/INFO] [ne.mi.re.GameData/]: Potentially Dangerous alternative prefix `lepton` for name `cracked_red_sandstone_slab`, expected `differentiate`. This could be a intended override, but in most cases indicates a broken mod.
[m[32m[17:30:40] [main/INFO] [ne.mi.re.GameData/]: Potentially Dangerous alternative prefix `lepton` for name `cracked_sandstone_stairs`, expected `differentiate`. This could be a intended override, but in most cases indicates a broken mod.
[m[32m[17:30:40] [main/INFO] [ne.mi.re.GameData/]: Potentially Dangerous alternative prefix `lepton` for name `cracked_red_sandstone_stairs`, expected `differentiate`. This could be a intended override, but in most cases indicates a broken mod.
[m[32m[17:30:40] [main/INFO] [ne.mi.re.GameData/]: Potentially Dangerous alternative prefix `lepton` for name `cracked_sandstone_wall`, expected `differentiate`. This could be a intended override, but in most cases indicates a broken mod.
[m[32m[17:30:40] [main/INFO] [ne.mi.re.GameData/]: Potentially Dangerous alternative prefix `lepton` for name `cracked_red_sandstone_wall`, expected `differentiate`. This could be a intended override, but in most cases indicates a broken mod.
[m[32m[17:30:40] [main/INFO] [ne.mi.re.GameData/]: Potentially Dangerous alternative prefix `lepton` for name `stripped_acacia_wood_slab`, expected `differentiate`. This could be a intended override, but in most cases indicates a broken mod.
[m[32m[17:30:40] [main/INFO] [ne.mi.re.GameData/]: Potentially Dangerous alternative prefix `lepton` for name `stripped_birch_wood_slab`, expected `differentiate`. This could be a intended override, but in most cases indicates a broken mod.
[m[32m[17:30:40] [main/INFO] [ne.mi.re.GameData/]: Potentially Dangerous alternative prefix `lepton` for name `stripped_dark_oak_wood_slab`, expected `differentiate`. This could be a intended override, but in most cases indicates a broken mod.
[m[32m[17:30:40] [main/INFO] [ne.mi.re.GameData/]: Potentially Dangerous alternative prefix `lepton` for name `stripped_jungle_wood_slab`, expected `differentiate`. This could be a intended override, but in most cases indicates a broken mod.
[m[32m[17:30:40] [main/INFO] [ne.mi.re.GameData/]: Potentially Dangerous alternative prefix `lepton` for name `stripped_oak_wood_slab`, expected `differentiate`. This could be a intended override, but in most cases indicates a broken mod.
[m[32m[17:30:40] [main/INFO] [ne.mi.re.GameData/]: Potentially Dangerous alternative prefix `lepton` for name `stripped_spruce_wood_slab`, expected `differentiate`. This could be a intended override, but in most cases indicates a broken mod.
[m[32m[17:30:40] [main/INFO] [ne.mi.re.GameData/]: Potentially Dangerous alternative prefix `lepton` for name `stripped_crimson_hyphae_slab`, expected `differentiate`. This could be a intended override, but in most cases indicates a broken mod.
[m[32m[17:30:40] [main/INFO] [ne.mi.re.GameData/]: Potentially Dangerous alternative prefix `lepton` for name `stripped_warped_hyphae_slab`, expected `differentiate`. This could be a intended override, but in most cases indicates a broken mod.
[m[32m[17:30:40] [main/INFO] [ne.mi.re.GameData/]: Potentially Dangerous alternative prefix `lepton` for name `acacia_wood_slab`, expected `differentiate`. This could be a intended override, but in most cases indicates a broken mod.
[m[32m[17:30:40] [main/INFO] [ne.mi.re.GameData/]: Potentially Dangerous alternative prefix `lepton` for name `birch_wood_slab`, expected `differentiate`. This could be a intended override, but in most cases indicates a broken mod.
[m[32m[17:30:40] [main/INFO] [ne.mi.re.GameData/]: Potentially Dangerous alternative prefix `lepton` for name `dark_oak_wood_slab`, expected `differentiate`. This could be a intended override, but in most cases indicates a broken mod.
[m[32m[17:30:40] [main/INFO] [ne.mi.re.GameData/]: Potentially Dangerous alternative prefix `lepton` for name `jungle_wood_slab`, expected `differentiate`. This could be a intended override, but in most cases indicates a broken mod.
[m[32m[17:30:40] [main/INFO] [ne.mi.re.GameData/]: Potentially Dangerous alternative prefix `lepton` for name `oak_wood_slab`, expected `differentiate`. This could be a intended override, but in most cases indicates a broken mod.
[m[32m[17:30:40] [main/INFO] [ne.mi.re.GameData/]: Potentially Dangerous alternative prefix `lepton` for name `spruce_wood_slab`, expected `differentiate`. This could be a intended override, but in most cases indicates a broken mod.
[m[32m[17:30:40] [main/INFO] [ne.mi.re.GameData/]: Potentially Dangerous alternative prefix `lepton` for name `crimson_hyphae_slab`, expected `differentiate`. This could be a intended override, but in most cases indicates a broken mod.
[m[32m[17:30:40] [main/INFO] [ne.mi.re.GameData/]: Potentially Dangerous alternative prefix `lepton` for name `warped_hyphae_slab`, expected `differentiate`. This could be a intended override, but in most cases indicates a broken mod.
[m[32m[17:30:40] [main/INFO] [ne.mi.re.GameData/]: Potentially Dangerous alternative prefix `lepton` for name `cracked_stone_brick_slab`, expected `differentiate`. This could be a intended override, but in most cases indicates a broken mod.
[m[32m[17:30:40] [main/INFO] [ne.mi.re.GameData/]: Potentially Dangerous alternative prefix `lepton` for name `quartz_brick_slab`, expected `differentiate`. This could be a intended override, but in most cases indicates a broken mod.
[m[32m[17:30:40] [main/INFO] [ne.mi.re.GameData/]: Potentially Dangerous alternative prefix `lepton` for name `cracked_nether_brick_slab`, expected `differentiate`. This could be a intended override, but in most cases indicates a broken mod.
[m[32m[17:30:40] [main/INFO] [ne.mi.re.GameData/]: Potentially Dangerous alternative prefix `lepton` for name `cracked_polished_blackstone_brick_slab`, expected `differentiate`. This could be a intended override, but in most cases indicates a broken mod.
[m[32m[17:30:40] [main/INFO] [ne.mi.re.GameData/]: Potentially Dangerous alternative prefix `lepton` for name `gilded_blackstone_slab`, expected `differentiate`. This could be a intended override, but in most cases indicates a broken mod.
[m[32m[17:30:40] [main/INFO] [ne.mi.re.GameData/]: Potentially Dangerous alternative prefix `lepton` for name `stripped_acacia_wood_stairs`, expected `differentiate`. This could be a intended override, but in most cases indicates a broken mod.
[m[32m[17:30:40] [main/INFO] [ne.mi.re.GameData/]: Potentially Dangerous alternative prefix `lepton` for name `stripped_birch_wood_stairs`, expected `differentiate`. This could be a intended override, but in most cases indicates a broken mod.
[m[32m[17:30:40] [main/INFO] [ne.mi.re.GameData/]: Potentially Dangerous alternative prefix `lepton` for name `stripped_dark_oak_wood_stairs`, expected `differentiate`. This could be a intended override, but in most cases indicates a broken mod.
[m[32m[17:30:40] [main/INFO] [ne.mi.re.GameData/]: Potentially Dangerous alternative prefix `lepton` for name `stripped_jungle_wood_stairs`, expected `differentiate`. This could be a intended override, but in most cases indicates a broken mod.
[m[32m[17:30:40] [main/INFO] [ne.mi.re.GameData/]: Potentially Dangerous alternative prefix `lepton` for name `stripped_oak_wood_stairs`, expected `differentiate`. This could be a intended override, but in most cases indicates a broken mod.
[m[32m[17:30:40] [main/INFO] [ne.mi.re.GameData/]: Potentially Dangerous alternative prefix `lepton` for name `stripped_spruce_wood_stairs`, expected `differentiate`. This could be a intended override, but in most cases indicates a broken mod.
[m[32m[17:30:40] [main/INFO] [ne.mi.re.GameData/]: Potentially Dangerous alternative prefix `lepton` for name `stripped_crimson_hyphae_stairs`, expected `differentiate`. This could be a intended override, but in most cases indicates a broken mod.
[m[32m[17:30:40] [main/INFO] [ne.mi.re.GameData/]: Potentially Dangerous alternative prefix `lepton` for name `stripped_warped_hyphae_stairs`, expected `differentiate`. This could be a intended override, but in most cases indicates a broken mod.
[m[32m[17:30:40] [main/INFO] [ne.mi.re.GameData/]: Potentially Dangerous alternative prefix `lepton` for name `acacia_wood_stairs`, expected `differentiate`. This could be a intended override, but in most cases indicates a broken mod.
[m[32m[17:30:40] [main/INFO] [ne.mi.re.GameData/]: Potentially Dangerous alternative prefix `lepton` for name `birch_wood_stairs`, expected `differentiate`. This could be a intended override, but in most cases indicates a broken mod.
[m[32m[17:30:40] [main/INFO] [ne.mi.re.GameData/]: Potentially Dangerous alternative prefix `lepton` for name `dark_oak_wood_stairs`, expected `differentiate`. This could be a intended override, but in most cases indicates a broken mod.
[m[32m[17:30:40] [main/INFO] [ne.mi.re.GameData/]: Potentially Dangerous alternative prefix `lepton` for name `jungle_wood_stairs`, expected `differentiate`. This could be a intended override, but in most cases indicates a broken mod.
[m[32m[17:30:40] [main/INFO] [ne.mi.re.GameData/]: Potentially Dangerous alternative prefix `lepton` for name `oak_wood_stairs`, expected `differentiate`. This could be a intended override, but in most cases indicates a broken mod.
[m[32m[17:30:40] [main/INFO] [ne.mi.re.GameData/]: Potentially Dangerous alternative prefix `lepton` for name `spruce_wood_stairs`, expected `differentiate`. This could be a intended override, but in most cases indicates a broken mod.
[m[32m[17:30:40] [main/INFO] [ne.mi.re.GameData/]: Potentially Dangerous alternative prefix `lepton` for name `crimson_hyphae_stairs`, expected `differentiate`. This could be a intended override, but in most cases indicates a broken mod.
[m[32m[17:30:40] [main/INFO] [ne.mi.re.GameData/]: Potentially Dangerous alternative prefix `lepton` for name `warped_hyphae_stairs`, expected `differentiate`. This could be a intended override, but in most cases indicates a broken mod.
[m[32m[17:30:40] [main/INFO] [ne.mi.re.GameData/]: Potentially Dangerous alternative prefix `lepton` for name `smooth_stone_stairs`, expected `differentiate`. This could be a intended override, but in most cases indicates a broken mod.
[m[32m[17:30:40] [main/INFO] [ne.mi.re.GameData/]: Potentially Dangerous alternative prefix `lepton` for name `cut_sandstone_stairs`, expected `differentiate`. This could be a intended override, but in most cases indicates a broken mod.
[m[32m[17:30:40] [main/INFO] [ne.mi.re.GameData/]: Potentially Dangerous alternative prefix `lepton` for name `cut_red_sandstone_stairs`, expected `differentiate`. This could be a intended override, but in most cases indicates a broken mod.
[m[32m[17:30:40] [main/INFO] [ne.mi.re.GameData/]: Potentially Dangerous alternative prefix `lepton` for name `cracked_stone_brick_stairs`, expected `differentiate`. This could be a intended override, but in most cases indicates a broken mod.
[m[32m[17:30:40] [main/INFO] [ne.mi.re.GameData/]: Potentially Dangerous alternative prefix `lepton` for name `quartz_brick_stairs`, expected `differentiate`. This could be a intended override, but in most cases indicates a broken mod.
[m[32m[17:30:40] [main/INFO] [ne.mi.re.GameData/]: Potentially Dangerous alternative prefix `lepton` for name `cracked_nether_brick_stairs`, expected `differentiate`. This could be a intended override, but in most cases indicates a broken mod.
[m[32m[17:30:40] [main/INFO] [ne.mi.re.GameData/]: Potentially Dangerous alternative prefix `lepton` for name `cracked_polished_blackstone_brick_stairs`, expected `differentiate`. This could be a intended override, but in most cases indicates a broken mod.
[m[32m[17:30:40] [main/INFO] [ne.mi.re.GameData/]: Potentially Dangerous alternative prefix `lepton` for name `gilded_blackstone_stairs`, expected `differentiate`. This could be a intended override, but in most cases indicates a broken mod.
[m[32m[17:30:40] [main/INFO] [ne.mi.re.GameData/]: Potentially Dangerous alternative prefix `lepton` for name `stripped_acacia_wood_wall`, expected `differentiate`. This could be a intended override, but in most cases indicates a broken mod.
[m[32m[17:30:40] [main/INFO] [ne.mi.re.GameData/]: Potentially Dangerous alternative prefix `lepton` for name `stripped_birch_wood_wall`, expected `differentiate`. This could be a intended override, but in most cases indicates a broken mod.
[m[32m[17:30:40] [main/INFO] [ne.mi.re.GameData/]: Potentially Dangerous alternative prefix `lepton` for name `stripped_dark_oak_wood_wall`, expected `differentiate`. This could be a intended override, but in most cases indicates a broken mod.
[m[32m[17:30:40] [main/INFO] [ne.mi.re.GameData/]: Potentially Dangerous alternative prefix `lepton` for name `stripped_jungle_wood_wall`, expected `differentiate`. This could be a intended override, but in most cases indicates a broken mod.
[m[32m[17:30:40] [main/INFO] [ne.mi.re.GameData/]: Potentially Dangerous alternative prefix `lepton` for name `stripped_oak_wood_wall`, expected `differentiate`. This could be a intended override, but in most cases indicates a broken mod.
[m[32m[17:30:40] [main/INFO] [ne.mi.re.GameData/]: Potentially Dangerous alternative prefix `lepton` for name `stripped_spruce_wood_wall`, expected `differentiate`. This could be a intended override, but in most cases indicates a broken mod.
[m[32m[17:30:40] [main/INFO] [ne.mi.re.GameData/]: Potentially Dangerous alternative prefix `lepton` for name `stripped_crimson_hyphae_wall`, expected `differentiate`. This could be a intended override, but in most cases indicates a broken mod.
[m[32m[17:30:40] [main/INFO] [ne.mi.re.GameData/]: Potentially Dangerous alternative prefix `lepton` for name `stripped_warped_hyphae_wall`, expected `differentiate`. This could be a intended override, but in most cases indicates a broken mod.
[m[32m[17:30:40] [main/INFO] [ne.mi.re.GameData/]: Potentially Dangerous alternative prefix `lepton` for name `acacia_wood_wall`, expected `differentiate`. This could be a intended override, but in most cases indicates a broken mod.
[m[32m[17:30:40] [main/INFO] [ne.mi.re.GameData/]: Potentially Dangerous alternative prefix `lepton` for name `birch_wood_wall`, expected `differentiate`. This could be a intended override, but in most cases indicates a broken mod.
[m[32m[17:30:40] [main/INFO] [ne.mi.re.GameData/]: Potentially Dangerous alternative prefix `lepton` for name `dark_oak_wood_wall`, expected `differentiate`. This could be a intended override, but in most cases indicates a broken mod.
[m[32m[17:30:40] [main/INFO] [ne.mi.re.GameData/]: Potentially Dangerous alternative prefix `lepton` for name `jungle_wood_wall`, expected `differentiate`. This could be a intended override, but in most cases indicates a broken mod.
[m[32m[17:30:40] [main/INFO] [ne.mi.re.GameData/]: Potentially Dangerous alternative prefix `lepton` for name `oak_wood_wall`, expected `differentiate`. This could be a intended override, but in most cases indicates a broken mod.
[m[32m[17:30:40] [main/INFO] [ne.mi.re.GameData/]: Potentially Dangerous alternative prefix `lepton` for name `spruce_wood_wall`, expected `differentiate`. This could be a intended override, but in most cases indicates a broken mod.
[m[32m[17:30:40] [main/INFO] [ne.mi.re.GameData/]: Potentially Dangerous alternative prefix `lepton` for name `crimson_hyphae_wall`, expected `differentiate`. This could be a intended override, but in most cases indicates a broken mod.
[m[32m[17:30:40] [main/INFO] [ne.mi.re.GameData/]: Potentially Dangerous alternative prefix `lepton` for name `warped_hyphae_wall`, expected `differentiate`. This could be a intended override, but in most cases indicates a broken mod.
[m[32m[17:30:40] [main/INFO] [ne.mi.re.GameData/]: Potentially Dangerous alternative prefix `lepton` for name `purpur_wall`, expected `differentiate`. This could be a intended override, but in most cases indicates a broken mod.
[m[32m[17:30:40] [main/INFO] [ne.mi.re.GameData/]: Potentially Dangerous alternative prefix `lepton` for name `quartz_wall`, expected `differentiate`. This could be a intended override, but in most cases indicates a broken mod.
[m[32m[17:30:40] [main/INFO] [ne.mi.re.GameData/]: Potentially Dangerous alternative prefix `lepton` for name `smooth_quartz_wall`, expected `differentiate`. This could be a intended override, but in most cases indicates a broken mod.
[m[32m[17:30:40] [main/INFO] [ne.mi.re.GameData/]: Potentially Dangerous alternative prefix `lepton` for name `polished_andesite_wall`, expected `differentiate`. This could be a intended override, but in most cases indicates a broken mod.
[m[32m[17:30:40] [main/INFO] [ne.mi.re.GameData/]: Potentially Dangerous alternative prefix `lepton` for name `polished_diorite_wall`, expected `differentiate`. This could be a intended override, but in most cases indicates a broken mod.
[m[32m[17:30:40] [main/INFO] [ne.mi.re.GameData/]: Potentially Dangerous alternative prefix `lepton` for name `polished_granite_wall`, expected `differentiate`. This could be a intended override, but in most cases indicates a broken mod.
[m[32m[17:30:40] [main/INFO] [ne.mi.re.GameData/]: Potentially Dangerous alternative prefix `lepton` for name `stone_wall`, expected `differentiate`. This could be a intended override, but in most cases indicates a broken mod.
[m[32m[17:30:40] [main/INFO] [ne.mi.re.GameData/]: Potentially Dangerous alternative prefix `lepton` for name `smooth_stone_wall`, expected `differentiate`. This could be a intended override, but in most cases indicates a broken mod.
[m[32m[17:30:40] [main/INFO] [ne.mi.re.GameData/]: Potentially Dangerous alternative prefix `lepton` for name `prismarine_brick_wall`, expected `differentiate`. This could be a intended override, but in most cases indicates a broken mod.
[m[32m[17:30:40] [main/INFO] [ne.mi.re.GameData/]: Potentially Dangerous alternative prefix `lepton` for name `dark_prismarine_wall`, expected `differentiate`. This could be a intended override, but in most cases indicates a broken mod.
[m[32m[17:30:40] [main/INFO] [ne.mi.re.GameData/]: Potentially Dangerous alternative prefix `lepton` for name `cut_sandstone_wall`, expected `differentiate`. This could be a intended override, but in most cases indicates a broken mod.
[m[32m[17:30:40] [main/INFO] [ne.mi.re.GameData/]: Potentially Dangerous alternative prefix `lepton` for name `cut_red_sandstone_wall`, expected `differentiate`. This could be a intended override, but in most cases indicates a broken mod.
[m[32m[17:30:40] [main/INFO] [ne.mi.re.GameData/]: Potentially Dangerous alternative prefix `lepton` for name `smooth_sandstone_wall`, expected `differentiate`. This could be a intended override, but in most cases indicates a broken mod.
[m[32m[17:30:40] [main/INFO] [ne.mi.re.GameData/]: Potentially Dangerous alternative prefix `lepton` for name `smooth_red_sandstone_wall`, expected `differentiate`. This could be a intended override, but in most cases indicates a broken mod.
[m[32m[17:30:40] [main/INFO] [ne.mi.re.GameData/]: Potentially Dangerous alternative prefix `lepton` for name `cracked_stone_brick_wall`, expected `differentiate`. This could be a intended override, but in most cases indicates a broken mod.
[m[32m[17:30:40] [main/INFO] [ne.mi.re.GameData/]: Potentially Dangerous alternative prefix `lepton` for name `quartz_brick_wall`, expected `differentiate`. This could be a intended override, but in most cases indicates a broken mod.
[m[32m[17:30:40] [main/INFO] [ne.mi.re.GameData/]: Potentially Dangerous alternative prefix `lepton` for name `cracked_nether_brick_wall`, expected `differentiate`. This could be a intended override, but in most cases indicates a broken mod.
[m[32m[17:30:40] [main/INFO] [ne.mi.re.GameData/]: Potentially Dangerous alternative prefix `lepton` for name `cracked_polished_blackstone_brick_wall`, expected `differentiate`. This could be a intended override, but in most cases indicates a broken mod.
[m[32m[17:30:40] [main/INFO] [ne.mi.re.GameData/]: Potentially Dangerous alternative prefix `lepton` for name `gilded_blackstone_wall`, expected `differentiate`. This could be a intended override, but in most cases indicates a broken mod.
[m[32m[17:30:40] [main/INFO] [ne.mi.re.GameData/]: Potentially Dangerous alternative prefix `lepton` for name `polished_andesite_button`, expected `differentiate`. This could be a intended override, but in most cases indicates a broken mod.
[m[32m[17:30:40] [main/INFO] [ne.mi.re.GameData/]: Potentially Dangerous alternative prefix `lepton` for name `polished_diorite_button`, expected `differentiate`. This could be a intended override, but in most cases indicates a broken mod.
[m[32m[17:30:40] [main/INFO] [ne.mi.re.GameData/]: Potentially Dangerous alternative prefix `lepton` for name `polished_granite_button`, expected `differentiate`. This could be a intended override, but in most cases indicates a broken mod.
[m[32m[17:30:40] [main/INFO] [ne.mi.re.GameData/]: Potentially Dangerous alternative prefix `lepton` for name `polished_andesite_pressure_plate`, expected `differentiate`. This could be a intended override, but in most cases indicates a broken mod.
[m[32m[17:30:40] [main/INFO] [ne.mi.re.GameData/]: Potentially Dangerous alternative prefix `lepton` for name `polished_diorite_pressure_plate`, expected `differentiate`. This could be a intended override, but in most cases indicates a broken mod.
[m[32m[17:30:40] [main/INFO] [ne.mi.re.GameData/]: Potentially Dangerous alternative prefix `lepton` for name `polished_granite_pressure_plate`, expected `differentiate`. This could be a intended override, but in most cases indicates a broken mod.
[m[32m[17:30:40] [main/INFO] [ne.mi.re.GameData/]: Potentially Dangerous alternative prefix `lepton` for name `cracked_soul_sandstone`, expected `differentiate`. This could be a intended override, but in most cases indicates a broken mod.
[m[32m[17:30:40] [main/INFO] [ne.mi.re.GameData/]: Potentially Dangerous alternative prefix `lepton` for name `cracked_soul_sandstone_slab`, expected `differentiate`. This could be a intended override, but in most cases indicates a broken mod.
[m[32m[17:30:40] [main/INFO] [ne.mi.re.GameData/]: Potentially Dangerous alternative prefix `lepton` for name `cracked_soul_sandstone_stairs`, expected `differentiate`. This could be a intended override, but in most cases indicates a broken mod.
[m[32m[17:30:40] [main/INFO] [ne.mi.re.GameData/]: Potentially Dangerous alternative prefix `lepton` for name `cracked_soul_sandstone_wall`, expected `differentiate`. This could be a intended override, but in most cases indicates a broken mod.
[m[32m[17:30:40] [main/INFO] [ne.mi.re.GameData/]: Potentially Dangerous alternative prefix `lepton` for name `biotite_brick_slab`, expected `differentiate`. This could be a intended override, but in most cases indicates a broken mod.
[m[32m[17:30:40] [main/INFO] [ne.mi.re.GameData/]: Potentially Dangerous alternative prefix `lepton` for name `cut_soul_sandstone_stairs`, expected `differentiate`. This could be a intended override, but in most cases indicates a broken mod.
[m[32m[17:30:40] [main/INFO] [ne.mi.re.GameData/]: Potentially Dangerous alternative prefix `lepton` for name `biotite_brick_stairs`, expected `differentiate`. This could be a intended override, but in most cases indicates a broken mod.
[m[32m[17:30:40] [main/INFO] [ne.mi.re.GameData/]: Potentially Dangerous alternative prefix `lepton` for name `midori_wall`, expected `differentiate`. This could be a intended override, but in most cases indicates a broken mod.
[m[32m[17:30:40] [main/INFO] [ne.mi.re.GameData/]: Potentially Dangerous alternative prefix `lepton` for name `biotite_wall`, expected `differentiate`. This could be a intended override, but in most cases indicates a broken mod.
[m[32m[17:30:40] [main/INFO] [ne.mi.re.GameData/]: Potentially Dangerous alternative prefix `lepton` for name `smooth_biotite_wall`, expected `differentiate`. This could be a intended override, but in most cases indicates a broken mod.
[m[32m[17:30:40] [main/INFO] [ne.mi.re.GameData/]: Potentially Dangerous alternative prefix `lepton` for name `polished_marble_wall`, expected `differentiate`. This could be a intended override, but in most cases indicates a broken mod.
[m[32m[17:30:40] [main/INFO] [ne.mi.re.GameData/]: Potentially Dangerous alternative prefix `lepton` for name `polished_limestone_wall`, expected `differentiate`. This could be a intended override, but in most cases indicates a broken mod.
[m[32m[17:30:40] [main/INFO] [ne.mi.re.GameData/]: Potentially Dangerous alternative prefix `lepton` for name `polished_jasper_wall`, expected `differentiate`. This could be a intended override, but in most cases indicates a broken mod.
[m[32m[17:30:40] [main/INFO] [ne.mi.re.GameData/]: Potentially Dangerous alternative prefix `lepton` for name `polished_slate_wall`, expected `differentiate`. This could be a intended override, but in most cases indicates a broken mod.
[m[32m[17:30:40] [main/INFO] [ne.mi.re.GameData/]: Potentially Dangerous alternative prefix `lepton` for name `polished_voidstone_wall`, expected `differentiate`. This could be a intended override, but in most cases indicates a broken mod.
[m[32m[17:30:40] [main/INFO] [ne.mi.re.GameData/]: Potentially Dangerous alternative prefix `lepton` for name `polished_myalite_wall`, expected `differentiate`. This could be a intended override, but in most cases indicates a broken mod.
[m[32m[17:30:40] [main/INFO] [ne.mi.re.GameData/]: Potentially Dangerous alternative prefix `lepton` for name `elder_prismarine_brick_wall`, expected `differentiate`. This could be a intended override, but in most cases indicates a broken mod.
[m[32m[17:30:40] [main/INFO] [ne.mi.re.GameData/]: Potentially Dangerous alternative prefix `lepton` for name `dark_elder_prismarine_wall`, expected `differentiate`. This could be a intended override, but in most cases indicates a broken mod.
[m[32m[17:30:40] [main/INFO] [ne.mi.re.GameData/]: Potentially Dangerous alternative prefix `lepton` for name `cut_soul_sandstone_wall`, expected `differentiate`. This could be a intended override, but in most cases indicates a broken mod.
[m[32m[17:30:40] [main/INFO] [ne.mi.re.GameData/]: Potentially Dangerous alternative prefix `lepton` for name `smooth_soul_sandstone_wall`, expected `differentiate`. This could be a intended override, but in most cases indicates a broken mod.
[m[32m[17:30:40] [main/INFO] [ne.mi.re.GameData/]: Potentially Dangerous alternative prefix `lepton` for name `biotite_brick_wall`, expected `differentiate`. This could be a intended override, but in most cases indicates a broken mod.
[m[32m[17:30:40] [main/INFO] [ne.mi.re.GameData/]: Potentially Dangerous alternative prefix `lepton` for name `cracked_sandstone_vertical_slab`, expected `differentiate`. This could be a intended override, but in most cases indicates a broken mod.
[m[32m[17:30:40] [main/INFO] [ne.mi.re.GameData/]: Potentially Dangerous alternative prefix `lepton` for name `cracked_red_sandstone_vertical_slab`, expected `differentiate`. This could be a intended override, but in most cases indicates a broken mod.
[m[32m[17:30:40] [main/INFO] [ne.mi.re.GameData/]: Potentially Dangerous alternative prefix `lepton` for name `cracked_soul_sandstone_vertical_slab`, expected `differentiate`. This could be a intended override, but in most cases indicates a broken mod.
[m[32m[17:30:40] [main/INFO] [ne.mi.re.GameData/]: Potentially Dangerous alternative prefix `lepton` for name `stripped_acacia_wood_vertical_slab`, expected `differentiate`. This could be a intended override, but in most cases indicates a broken mod.
[m[32m[17:30:40] [main/INFO] [ne.mi.re.GameData/]: Potentially Dangerous alternative prefix `lepton` for name `stripped_birch_wood_vertical_slab`, expected `differentiate`. This could be a intended override, but in most cases indicates a broken mod.
[m[32m[17:30:40] [main/INFO] [ne.mi.re.GameData/]: Potentially Dangerous alternative prefix `lepton` for name `stripped_dark_oak_wood_vertical_slab`, expected `differentiate`. This could be a intended override, but in most cases indicates a broken mod.
[m[32m[17:30:40] [main/INFO] [ne.mi.re.GameData/]: Potentially Dangerous alternative prefix `lepton` for name `stripped_jungle_wood_vertical_slab`, expected `differentiate`. This could be a intended override, but in most cases indicates a broken mod.
[m[32m[17:30:40] [main/INFO] [ne.mi.re.GameData/]: Potentially Dangerous alternative prefix `lepton` for name `stripped_oak_wood_vertical_slab`, expected `differentiate`. This could be a intended override, but in most cases indicates a broken mod.
[m[32m[17:30:40] [main/INFO] [ne.mi.re.GameData/]: Potentially Dangerous alternative prefix `lepton` for name `stripped_spruce_wood_vertical_slab`, expected `differentiate`. This could be a intended override, but in most cases indicates a broken mod.
[m[32m[17:30:40] [main/INFO] [ne.mi.re.GameData/]: Potentially Dangerous alternative prefix `lepton` for name `stripped_crimson_hyphae_vertical_slab`, expected `differentiate`. This could be a intended override, but in most cases indicates a broken mod.
[m[32m[17:30:40] [main/INFO] [ne.mi.re.GameData/]: Potentially Dangerous alternative prefix `lepton` for name `stripped_warped_hyphae_vertical_slab`, expected `differentiate`. This could be a intended override, but in most cases indicates a broken mod.
[m[32m[17:30:40] [main/INFO] [ne.mi.re.GameData/]: Potentially Dangerous alternative prefix `lepton` for name `acacia_wood_vertical_slab`, expected `differentiate`. This could be a intended override, but in most cases indicates a broken mod.
[m[32m[17:30:40] [main/INFO] [ne.mi.re.GameData/]: Potentially Dangerous alternative prefix `lepton` for name `birch_wood_vertical_slab`, expected `differentiate`. This could be a intended override, but in most cases indicates a broken mod.
[m[32m[17:30:40] [main/INFO] [ne.mi.re.GameData/]: Potentially Dangerous alternative prefix `lepton` for name `dark_oak_wood_vertical_slab`, expected `differentiate`. This could be a intended override, but in most cases indicates a broken mod.
[m[32m[17:30:40] [main/INFO] [ne.mi.re.GameData/]: Potentially Dangerous alternative prefix `lepton` for name `jungle_wood_vertical_slab`, expected `differentiate`. This could be a intended override, but in most cases indicates a broken mod.
[m[32m[17:30:40] [main/INFO] [ne.mi.re.GameData/]: Potentially Dangerous alternative prefix `lepton` for name `oak_wood_vertical_slab`, expected `differentiate`. This could be a intended override, but in most cases indicates a broken mod.
[m[32m[17:30:40] [main/INFO] [ne.mi.re.GameData/]: Potentially Dangerous alternative prefix `lepton` for name `spruce_wood_vertical_slab`, expected `differentiate`. This could be a intended override, but in most cases indicates a broken mod.
[m[32m[17:30:40] [main/INFO] [ne.mi.re.GameData/]: Potentially Dangerous alternative prefix `lepton` for name `crimson_hyphae_vertical_slab`, expected `differentiate`. This could be a intended override, but in most cases indicates a broken mod.
[m[32m[17:30:40] [main/INFO] [ne.mi.re.GameData/]: Potentially Dangerous alternative prefix `lepton` for name `warped_hyphae_vertical_slab`, expected `differentiate`. This could be a intended override, but in most cases indicates a broken mod.
[m[32m[17:30:40] [main/INFO] [ne.mi.re.GameData/]: Potentially Dangerous alternative prefix `lepton` for name `cracked_stone_brick_vertical_slab`, expected `differentiate`. This could be a intended override, but in most cases indicates a broken mod.
[m[32m[17:30:40] [main/INFO] [ne.mi.re.GameData/]: Potentially Dangerous alternative prefix `lepton` for name `quartz_brick_vertical_slab`, expected `differentiate`. This could be a intended override, but in most cases indicates a broken mod.
[m[32m[17:30:40] [main/INFO] [ne.mi.re.GameData/]: Potentially Dangerous alternative prefix `lepton` for name `cracked_nether_brick_vertical_slab`, expected `differentiate`. This could be a intended override, but in most cases indicates a broken mod.
[m[32m[17:30:40] [main/INFO] [ne.mi.re.GameData/]: Potentially Dangerous alternative prefix `lepton` for name `cracked_polished_blackstone_brick_vertical_slab`, expected `differentiate`. This could be a intended override, but in most cases indicates a broken mod.
[m[32m[17:30:40] [main/INFO] [ne.mi.re.GameData/]: Potentially Dangerous alternative prefix `lepton` for name `gilded_blackstone_vertical_slab`, expected `differentiate`. This could be a intended override, but in most cases indicates a broken mod.
[m[32m[17:30:40] [main/INFO] [ne.mi.re.GameData/]: Potentially Dangerous alternative prefix `lepton` for name `biotite_brick_vertical_slab`, expected `differentiate`. This could be a intended override, but in most cases indicates a broken mod.
[m[32m[17:30:40] [main/INFO] [ne.mi.re.GameData/]: Potentially Dangerous alternative prefix `lepton` for name `polished_marble_button`, expected `differentiate`. This could be a intended override, but in most cases indicates a broken mod.
[m[32m[17:30:40] [main/INFO] [ne.mi.re.GameData/]: Potentially Dangerous alternative prefix `lepton` for name `polished_limestone_button`, expected `differentiate`. This could be a intended override, but in most cases indicates a broken mod.
[m[32m[17:30:40] [main/INFO] [ne.mi.re.GameData/]: Potentially Dangerous alternative prefix `lepton` for name `polished_jasper_button`, expected `differentiate`. This could be a intended override, but in most cases indicates a broken mod.
[m[32m[17:30:40] [main/INFO] [ne.mi.re.GameData/]: Potentially Dangerous alternative prefix `lepton` for name `polished_slate_button`, expected `differentiate`. This could be a intended override, but in most cases indicates a broken mod.
[m[32m[17:30:40] [main/INFO] [ne.mi.re.GameData/]: Potentially Dangerous alternative prefix `lepton` for name `polished_voidstone_button`, expected `differentiate`. This could be a intended override, but in most cases indicates a broken mod.
[m[32m[17:30:40] [main/INFO] [ne.mi.re.GameData/]: Potentially Dangerous alternative prefix `lepton` for name `polished_myalite_button`, expected `differentiate`. This could be a intended override, but in most cases indicates a broken mod.
[m[32m[17:30:40] [main/INFO] [ne.mi.re.GameData/]: Potentially Dangerous alternative prefix `lepton` for name `polished_marble_pressure_plate`, expected `differentiate`. This could be a intended override, but in most cases indicates a broken mod.
[m[32m[17:30:40] [main/INFO] [ne.mi.re.GameData/]: Potentially Dangerous alternative prefix `lepton` for name `polished_limestone_pressure_plate`, expected `differentiate`. This could be a intended override, but in most cases indicates a broken mod.
[m[32m[17:30:40] [main/INFO] [ne.mi.re.GameData/]: Potentially Dangerous alternative prefix `lepton` for name `polished_jasper_pressure_plate`, expected `differentiate`. This could be a intended override, but in most cases indicates a broken mod.
[m[32m[17:30:40] [main/INFO] [ne.mi.re.GameData/]: Potentially Dangerous alternative prefix `lepton` for name `polished_slate_pressure_plate`, expected `differentiate`. This could be a intended override, but in most cases indicates a broken mod.
[m[32m[17:30:40] [main/INFO] [ne.mi.re.GameData/]: Potentially Dangerous alternative prefix `lepton` for name `polished_voidstone_pressure_plate`, expected `differentiate`. This could be a intended override, but in most cases indicates a broken mod.
[m[32m[17:30:40] [main/INFO] [ne.mi.re.GameData/]: Potentially Dangerous alternative prefix `lepton` for name `polished_myalite_pressure_plate`, expected `differentiate`. This could be a intended override, but in most cases indicates a broken mod.
[m[32m[17:30:40] [main/INFO] [ne.mi.re.GameData/]: Potentially Dangerous alternative prefix `lepton` for name `cracked_arid_sandstone`, expected `differentiate`. This could be a intended override, but in most cases indicates a broken mod.
[m[32m[17:30:40] [main/INFO] [ne.mi.re.GameData/]: Potentially Dangerous alternative prefix `lepton` for name `cracked_arid_sandstone_slab`, expected `differentiate`. This could be a intended override, but in most cases indicates a broken mod.
[m[32m[17:30:40] [main/INFO] [ne.mi.re.GameData/]: Potentially Dangerous alternative prefix `lepton` for name `cracked_arid_sandstone_stairs`, expected `differentiate`. This could be a intended override, but in most cases indicates a broken mod.
[m[32m[17:30:40] [main/INFO] [ne.mi.re.GameData/]: Potentially Dangerous alternative prefix `lepton` for name `cracked_arid_sandstone_wall`, expected `differentiate`. This could be a intended override, but in most cases indicates a broken mod.
[m[32m[17:30:40] [main/INFO] [ne.mi.re.GameData/]: Potentially Dangerous alternative prefix `lepton` for name `cracked_arid_sandstone_vertical_slab`, expected `differentiate`. This could be a intended override, but in most cases indicates a broken mod.
[m[32m[17:30:40] [main/INFO] [ne.mi.re.GameData/]: Potentially Dangerous alternative prefix `lepton` for name `cracked_red_arid_sandstone`, expected `differentiate`. This could be a intended override, but in most cases indicates a broken mod.
[m[32m[17:30:40] [main/INFO] [ne.mi.re.GameData/]: Potentially Dangerous alternative prefix `lepton` for name `cracked_red_arid_sandstone_slab`, expected `differentiate`. This could be a intended override, but in most cases indicates a broken mod.
[m[32m[17:30:40] [main/INFO] [ne.mi.re.GameData/]: Potentially Dangerous alternative prefix `lepton` for name `cracked_red_arid_sandstone_stairs`, expected `differentiate`. This could be a intended override, but in most cases indicates a broken mod.
[m[32m[17:30:40] [main/INFO] [ne.mi.re.GameData/]: Potentially Dangerous alternative prefix `lepton` for name `cracked_red_arid_sandstone_wall`, expected `differentiate`. This could be a intended override, but in most cases indicates a broken mod.
[m[32m[17:30:40] [main/INFO] [ne.mi.re.GameData/]: Potentially Dangerous alternative prefix `lepton` for name `cracked_red_arid_sandstone_vertical_slab`, expected `differentiate`. This could be a intended override, but in most cases indicates a broken mod.
[m[32m[17:30:40] [main/INFO] [ne.mi.re.GameData/]: Potentially Dangerous alternative prefix `lepton` for name `cut_arid_sandstone_stairs`, expected `differentiate`. This could be a intended override, but in most cases indicates a broken mod.
[m[32m[17:30:40] [main/INFO] [ne.mi.re.GameData/]: Potentially Dangerous alternative prefix `lepton` for name `cut_red_arid_sandstone_stairs`, expected `differentiate`. This could be a intended override, but in most cases indicates a broken mod.
[m[32m[17:30:40] [main/INFO] [ne.mi.re.GameData/]: Potentially Dangerous alternative prefix `lepton` for name `cut_arid_sandstone_wall`, expected `differentiate`. This could be a intended override, but in most cases indicates a broken mod.
[m[32m[17:30:40] [main/INFO] [ne.mi.re.GameData/]: Potentially Dangerous alternative prefix `lepton` for name `cut_red_arid_sandstone_wall`, expected `differentiate`. This could be a intended override, but in most cases indicates a broken mod.
[m[32m[17:30:40] [main/INFO] [ne.mi.re.GameData/]: Potentially Dangerous alternative prefix `lepton` for name `smooth_arid_sandstone_wall`, expected `differentiate`. This could be a intended override, but in most cases indicates a broken mod.
[m[32m[17:30:40] [main/INFO] [ne.mi.re.GameData/]: Potentially Dangerous alternative prefix `lepton` for name `smooth_red_arid_sandstone_wall`, expected `differentiate`. This could be a intended override, but in most cases indicates a broken mod.
[m[32m[17:30:40] [main/INFO] [ne.mi.re.GameData/]: Potentially Dangerous alternative prefix `lepton` for name `stripped_rosewood_slab`, expected `differentiate`. This could be a intended override, but in most cases indicates a broken mod.
[m[32m[17:30:40] [main/INFO] [ne.mi.re.GameData/]: Potentially Dangerous alternative prefix `lepton` for name `stripped_rosewood_stairs`, expected `differentiate`. This could be a intended override, but in most cases indicates a broken mod.
[m[32m[17:30:40] [main/INFO] [ne.mi.re.GameData/]: Potentially Dangerous alternative prefix `lepton` for name `stripped_rosewood_wall`, expected `differentiate`. This could be a intended override, but in most cases indicates a broken mod.
[m[32m[17:30:40] [main/INFO] [ne.mi.re.GameData/]: Potentially Dangerous alternative prefix `lepton` for name `stripped_rosewood_vertical_slab`, expected `differentiate`. This could be a intended override, but in most cases indicates a broken mod.
[m[32m[17:30:40] [main/INFO] [ne.mi.re.GameData/]: Potentially Dangerous alternative prefix `lepton` for name `rosewood_slab`, expected `differentiate`. This could be a intended override, but in most cases indicates a broken mod.
[m[32m[17:30:40] [main/INFO] [ne.mi.re.GameData/]: Potentially Dangerous alternative prefix `lepton` for name `rosewood_stairs`, expected `differentiate`. This could be a intended override, but in most cases indicates a broken mod.
[m[32m[17:30:40] [main/INFO] [ne.mi.re.GameData/]: Potentially Dangerous alternative prefix `lepton` for name `rosewood_wall`, expected `differentiate`. This could be a intended override, but in most cases indicates a broken mod.
[m[32m[17:30:40] [main/INFO] [ne.mi.re.GameData/]: Potentially Dangerous alternative prefix `lepton` for name `rosewood_vertical_slab`, expected `differentiate`. This could be a intended override, but in most cases indicates a broken mod.
[m[32m[17:30:40] [main/INFO] [ne.mi.re.GameData/]: Potentially Dangerous alternative prefix `lepton` for name `stripped_morado_wood_slab`, expected `differentiate`. This could be a intended override, but in most cases indicates a broken mod.
[m[32m[17:30:40] [main/INFO] [ne.mi.re.GameData/]: Potentially Dangerous alternative prefix `lepton` for name `stripped_morado_wood_stairs`, expected `differentiate`. This could be a intended override, but in most cases indicates a broken mod.
[m[32m[17:30:40] [main/INFO] [ne.mi.re.GameData/]: Potentially Dangerous alternative prefix `lepton` for name `stripped_morado_wood_wall`, expected `differentiate`. This could be a intended override, but in most cases indicates a broken mod.
[m[32m[17:30:40] [main/INFO] [ne.mi.re.GameData/]: Potentially Dangerous alternative prefix `lepton` for name `stripped_morado_wood_vertical_slab`, expected `differentiate`. This could be a intended override, but in most cases indicates a broken mod.
[m[32m[17:30:40] [main/INFO] [ne.mi.re.GameData/]: Potentially Dangerous alternative prefix `lepton` for name `morado_wood_slab`, expected `differentiate`. This could be a intended override, but in most cases indicates a broken mod.
[m[32m[17:30:40] [main/INFO] [ne.mi.re.GameData/]: Potentially Dangerous alternative prefix `lepton` for name `morado_wood_stairs`, expected `differentiate`. This could be a intended override, but in most cases indicates a broken mod.
[m[32m[17:30:40] [main/INFO] [ne.mi.re.GameData/]: Potentially Dangerous alternative prefix `lepton` for name `morado_wood_wall`, expected `differentiate`. This could be a intended override, but in most cases indicates a broken mod.
[m[32m[17:30:40] [main/INFO] [ne.mi.re.GameData/]: Potentially Dangerous alternative prefix `lepton` for name `morado_wood_vertical_slab`, expected `differentiate`. This could be a intended override, but in most cases indicates a broken mod.
[m[32m[17:30:40] [main/INFO] [ne.mi.re.GameData/]: Potentially Dangerous alternative prefix `lepton` for name `stripped_yucca_wood_slab`, expected `differentiate`. This could be a intended override, but in most cases indicates a broken mod.
[m[32m[17:30:40] [main/INFO] [ne.mi.re.GameData/]: Potentially Dangerous alternative prefix `lepton` for name `stripped_yucca_wood_stairs`, expected `differentiate`. This could be a intended override, but in most cases indicates a broken mod.
[m[32m[17:30:40] [main/INFO] [ne.mi.re.GameData/]: Potentially Dangerous alternative prefix `lepton` for name `stripped_yucca_wood_wall`, expected `differentiate`. This could be a intended override, but in most cases indicates a broken mod.
[m[32m[17:30:40] [main/INFO] [ne.mi.re.GameData/]: Potentially Dangerous alternative prefix `lepton` for name `stripped_yucca_wood_vertical_slab`, expected `differentiate`. This could be a intended override, but in most cases indicates a broken mod.
[m[32m[17:30:40] [main/INFO] [ne.mi.re.GameData/]: Potentially Dangerous alternative prefix `lepton` for name `yucca_wood_slab`, expected `differentiate`. This could be a intended override, but in most cases indicates a broken mod.
[m[32m[17:30:40] [main/INFO] [ne.mi.re.GameData/]: Potentially Dangerous alternative prefix `lepton` for name `yucca_wood_stairs`, expected `differentiate`. This could be a intended override, but in most cases indicates a broken mod.
[m[32m[17:30:40] [main/INFO] [ne.mi.re.GameData/]: Potentially Dangerous alternative prefix `lepton` for name `yucca_wood_wall`, expected `differentiate`. This could be a intended override, but in most cases indicates a broken mod.
[m[32m[17:30:40] [main/INFO] [ne.mi.re.GameData/]: Potentially Dangerous alternative prefix `lepton` for name `yucca_wood_vertical_slab`, expected `differentiate`. This could be a intended override, but in most cases indicates a broken mod.
[m[32m[17:30:40] [main/INFO] [ne.mi.re.GameData/]: Potentially Dangerous alternative prefix `lepton` for name `stripped_kousa_wood_slab`, expected `differentiate`. This could be a intended override, but in most cases indicates a broken mod.
[m[32m[17:30:40] [main/INFO] [ne.mi.re.GameData/]: Potentially Dangerous alternative prefix `lepton` for name `stripped_kousa_wood_stairs`, expected `differentiate`. This could be a intended override, but in most cases indicates a broken mod.
[m[32m[17:30:40] [main/INFO] [ne.mi.re.GameData/]: Potentially Dangerous alternative prefix `lepton` for name `stripped_kousa_wood_wall`, expected `differentiate`. This could be a intended override, but in most cases indicates a broken mod.
[m[32m[17:30:40] [main/INFO] [ne.mi.re.GameData/]: Potentially Dangerous alternative prefix `lepton` for name `stripped_kousa_wood_vertical_slab`, expected `differentiate`. This could be a intended override, but in most cases indicates a broken mod.
[m[32m[17:30:40] [main/INFO] [ne.mi.re.GameData/]: Potentially Dangerous alternative prefix `lepton` for name `kousa_wood_slab`, expected `differentiate`. This could be a intended override, but in most cases indicates a broken mod.
[m[32m[17:30:40] [main/INFO] [ne.mi.re.GameData/]: Potentially Dangerous alternative prefix `lepton` for name `kousa_wood_stairs`, expected `differentiate`. This could be a intended override, but in most cases indicates a broken mod.
[m[32m[17:30:40] [main/INFO] [ne.mi.re.GameData/]: Potentially Dangerous alternative prefix `lepton` for name `kousa_wood_wall`, expected `differentiate`. This could be a intended override, but in most cases indicates a broken mod.
[m[32m[17:30:40] [main/INFO] [ne.mi.re.GameData/]: Potentially Dangerous alternative prefix `lepton` for name `kousa_wood_vertical_slab`, expected `differentiate`. This could be a intended override, but in most cases indicates a broken mod.
[m[32m[17:30:40] [main/INFO] [ne.mi.re.GameData/]: Potentially Dangerous alternative prefix `lepton` for name `stripped_aspen_wood_slab`, expected `differentiate`. This could be a intended override, but in most cases indicates a broken mod.
[m[32m[17:30:40] [main/INFO] [ne.mi.re.GameData/]: Potentially Dangerous alternative prefix `lepton` for name `stripped_aspen_wood_stairs`, expected `differentiate`. This could be a intended override, but in most cases indicates a broken mod.
[m[32m[17:30:40] [main/INFO] [ne.mi.re.GameData/]: Potentially Dangerous alternative prefix `lepton` for name `stripped_aspen_wood_wall`, expected `differentiate`. This could be a intended override, but in most cases indicates a broken mod.
[m[32m[17:30:40] [main/INFO] [ne.mi.re.GameData/]: Potentially Dangerous alternative prefix `lepton` for name `stripped_aspen_wood_vertical_slab`, expected `differentiate`. This could be a intended override, but in most cases indicates a broken mod.
[m[32m[17:30:40] [main/INFO] [ne.mi.re.GameData/]: Potentially Dangerous alternative prefix `lepton` for name `aspen_wood_slab`, expected `differentiate`. This could be a intended override, but in most cases indicates a broken mod.
[m[32m[17:30:40] [main/INFO] [ne.mi.re.GameData/]: Potentially Dangerous alternative prefix `lepton` for name `aspen_wood_stairs`, expected `differentiate`. This could be a intended override, but in most cases indicates a broken mod.
[m[32m[17:30:40] [main/INFO] [ne.mi.re.GameData/]: Potentially Dangerous alternative prefix `lepton` for name `aspen_wood_wall`, expected `differentiate`. This could be a intended override, but in most cases indicates a broken mod.
[m[32m[17:30:40] [main/INFO] [ne.mi.re.GameData/]: Potentially Dangerous alternative prefix `lepton` for name `aspen_wood_vertical_slab`, expected `differentiate`. This could be a intended override, but in most cases indicates a broken mod.
[m[32m[17:30:40] [main/INFO] [ne.mi.re.GameData/]: Potentially Dangerous alternative prefix `lepton` for name `stripped_grimwood_slab`, expected `differentiate`. This could be a intended override, but in most cases indicates a broken mod.
[m[32m[17:30:40] [main/INFO] [ne.mi.re.GameData/]: Potentially Dangerous alternative prefix `lepton` for name `stripped_grimwood_stairs`, expected `differentiate`. This could be a intended override, but in most cases indicates a broken mod.
[m[32m[17:30:40] [main/INFO] [ne.mi.re.GameData/]: Potentially Dangerous alternative prefix `lepton` for name `stripped_grimwood_wall`, expected `differentiate`. This could be a intended override, but in most cases indicates a broken mod.
[m[32m[17:30:40] [main/INFO] [ne.mi.re.GameData/]: Potentially Dangerous alternative prefix `lepton` for name `stripped_grimwood_vertical_slab`, expected `differentiate`. This could be a intended override, but in most cases indicates a broken mod.
[m[32m[17:30:40] [main/INFO] [ne.mi.re.GameData/]: Potentially Dangerous alternative prefix `lepton` for name `grimwood_slab`, expected `differentiate`. This could be a intended override, but in most cases indicates a broken mod.
[m[32m[17:30:40] [main/INFO] [ne.mi.re.GameData/]: Potentially Dangerous alternative prefix `lepton` for name `grimwood_stairs`, expected `differentiate`. This could be a intended override, but in most cases indicates a broken mod.
[m[32m[17:30:40] [main/INFO] [ne.mi.re.GameData/]: Potentially Dangerous alternative prefix `lepton` for name `grimwood_wall`, expected `differentiate`. This could be a intended override, but in most cases indicates a broken mod.
[m[32m[17:30:40] [main/INFO] [ne.mi.re.GameData/]: Potentially Dangerous alternative prefix `lepton` for name `grimwood_vertical_slab`, expected `differentiate`. This could be a intended override, but in most cases indicates a broken mod.
[m[32m[17:30:40] [main/INFO] [ne.mi.re.GameData/]: Potentially Dangerous alternative prefix `lepton` for name `stripped_maple_wood_slab`, expected `differentiate`. This could be a intended override, but in most cases indicates a broken mod.
[m[32m[17:30:40] [main/INFO] [ne.mi.re.GameData/]: Potentially Dangerous alternative prefix `lepton` for name `stripped_maple_wood_stairs`, expected `differentiate`. This could be a intended override, but in most cases indicates a broken mod.
[m[32m[17:30:40] [main/INFO] [ne.mi.re.GameData/]: Potentially Dangerous alternative prefix `lepton` for name `stripped_maple_wood_wall`, expected `differentiate`. This could be a intended override, but in most cases indicates a broken mod.
[m[32m[17:30:40] [main/INFO] [ne.mi.re.GameData/]: Potentially Dangerous alternative prefix `lepton` for name `stripped_maple_wood_vertical_slab`, expected `differentiate`. This could be a intended override, but in most cases indicates a broken mod.
[m[32m[17:30:40] [main/INFO] [ne.mi.re.GameData/]: Potentially Dangerous alternative prefix `lepton` for name `maple_wood_slab`, expected `differentiate`. This could be a intended override, but in most cases indicates a broken mod.
[m[32m[17:30:40] [main/INFO] [ne.mi.re.GameData/]: Potentially Dangerous alternative prefix `lepton` for name `maple_wood_stairs`, expected `differentiate`. This could be a intended override, but in most cases indicates a broken mod.
[m[32m[17:30:40] [main/INFO] [ne.mi.re.GameData/]: Potentially Dangerous alternative prefix `lepton` for name `maple_wood_wall`, expected `differentiate`. This could be a intended override, but in most cases indicates a broken mod.
[m[32m[17:30:40] [main/INFO] [ne.mi.re.GameData/]: Potentially Dangerous alternative prefix `lepton` for name `maple_wood_vertical_slab`, expected `differentiate`. This could be a intended override, but in most cases indicates a broken mod.
[m[32m[17:30:40] [main/INFO] [ne.mi.re.GameData/]: Potentially Dangerous alternative prefix `lepton` for name `stripped_poise_wood_slab`, expected `differentiate`. This could be a intended override, but in most cases indicates a broken mod.
[m[32m[17:30:40] [main/INFO] [ne.mi.re.GameData/]: Potentially Dangerous alternative prefix `lepton` for name `stripped_poise_wood_stairs`, expected `differentiate`. This could be a intended override, but in most cases indicates a broken mod.
[m[32m[17:30:40] [main/INFO] [ne.mi.re.GameData/]: Potentially Dangerous alternative prefix `lepton` for name `stripped_poise_wood_wall`, expected `differentiate`. This could be a intended override, but in most cases indicates a broken mod.
[m[32m[17:30:40] [main/INFO] [ne.mi.re.GameData/]: Potentially Dangerous alternative prefix `lepton` for name `stripped_poise_wood_vertical_slab`, expected `differentiate`. This could be a intended override, but in most cases indicates a broken mod.
[m[32m[17:30:40] [main/INFO] [ne.mi.re.GameData/]: Potentially Dangerous alternative prefix `lepton` for name `poise_wood_slab`, expected `differentiate`. This could be a intended override, but in most cases indicates a broken mod.
[m[32m[17:30:40] [main/INFO] [ne.mi.re.GameData/]: Potentially Dangerous alternative prefix `lepton` for name `poise_wood_stairs`, expected `differentiate`. This could be a intended override, but in most cases indicates a broken mod.
[m[32m[17:30:40] [main/INFO] [ne.mi.re.GameData/]: Potentially Dangerous alternative prefix `lepton` for name `poise_wood_wall`, expected `differentiate`. This could be a intended override, but in most cases indicates a broken mod.
[m[32m[17:30:40] [main/INFO] [ne.mi.re.GameData/]: Potentially Dangerous alternative prefix `lepton` for name `poise_wood_vertical_slab`, expected `differentiate`. This could be a intended override, but in most cases indicates a broken mod.
[m[32m[17:30:40] [main/INFO] [ne.mi.re.GameData/]: Potentially Dangerous alternative prefix `lepton` for name `stripped_driftwood_slab`, expected `differentiate`. This could be a intended override, but in most cases indicates a broken mod.
[m[32m[17:30:40] [main/INFO] [ne.mi.re.GameData/]: Potentially Dangerous alternative prefix `lepton` for name `stripped_driftwood_stairs`, expected `differentiate`. This could be a intended override, but in most cases indicates a broken mod.
[m[32m[17:30:40] [main/INFO] [ne.mi.re.GameData/]: Potentially Dangerous alternative prefix `lepton` for name `stripped_driftwood_wall`, expected `differentiate`. This could be a intended override, but in most cases indicates a broken mod.
[m[32m[17:30:40] [main/INFO] [ne.mi.re.GameData/]: Potentially Dangerous alternative prefix `lepton` for name `stripped_driftwood_vertical_slab`, expected `differentiate`. This could be a intended override, but in most cases indicates a broken mod.
[m[32m[17:30:40] [main/INFO] [ne.mi.re.GameData/]: Potentially Dangerous alternative prefix `lepton` for name `driftwood_slab`, expected `differentiate`. This could be a intended override, but in most cases indicates a broken mod.
[m[32m[17:30:40] [main/INFO] [ne.mi.re.GameData/]: Potentially Dangerous alternative prefix `lepton` for name `driftwood_stairs`, expected `differentiate`. This could be a intended override, but in most cases indicates a broken mod.
[m[32m[17:30:40] [main/INFO] [ne.mi.re.GameData/]: Potentially Dangerous alternative prefix `lepton` for name `driftwood_wall`, expected `differentiate`. This could be a intended override, but in most cases indicates a broken mod.
[m[32m[17:30:40] [main/INFO] [ne.mi.re.GameData/]: Potentially Dangerous alternative prefix `lepton` for name `driftwood_vertical_slab`, expected `differentiate`. This could be a intended override, but in most cases indicates a broken mod.
[m[32m[17:30:40] [main/INFO] [ne.mi.re.GameData/]: Potentially Dangerous alternative prefix `lepton` for name `stripped_river_wood_slab`, expected `differentiate`. This could be a intended override, but in most cases indicates a broken mod.
[m[32m[17:30:40] [main/INFO] [ne.mi.re.GameData/]: Potentially Dangerous alternative prefix `lepton` for name `stripped_river_wood_stairs`, expected `differentiate`. This could be a intended override, but in most cases indicates a broken mod.
[m[32m[17:30:40] [main/INFO] [ne.mi.re.GameData/]: Potentially Dangerous alternative prefix `lepton` for name `stripped_river_wood_wall`, expected `differentiate`. This could be a intended override, but in most cases indicates a broken mod.
[m[32m[17:30:40] [main/INFO] [ne.mi.re.GameData/]: Potentially Dangerous alternative prefix `lepton` for name `stripped_river_wood_vertical_slab`, expected `differentiate`. This could be a intended override, but in most cases indicates a broken mod.
[m[32m[17:30:40] [main/INFO] [ne.mi.re.GameData/]: Potentially Dangerous alternative prefix `lepton` for name `river_wood_slab`, expected `differentiate`. This could be a intended override, but in most cases indicates a broken mod.
[m[32m[17:30:40] [main/INFO] [ne.mi.re.GameData/]: Potentially Dangerous alternative prefix `lepton` for name `river_wood_stairs`, expected `differentiate`. This could be a intended override, but in most cases indicates a broken mod.
[m[32m[17:30:40] [main/INFO] [ne.mi.re.GameData/]: Potentially Dangerous alternative prefix `lepton` for name `river_wood_wall`, expected `differentiate`. This could be a intended override, but in most cases indicates a broken mod.
[m[32m[17:30:40] [main/INFO] [ne.mi.re.GameData/]: Potentially Dangerous alternative prefix `lepton` for name `river_wood_vertical_slab`, expected `differentiate`. This could be a intended override, but in most cases indicates a broken mod.
[m[32m[17:30:40] [main/INFO] [ne.mi.re.GameData/]: Potentially Dangerous alternative prefix `lepton` for name `stripped_wisteria_wood_slab`, expected `differentiate`. This could be a intended override, but in most cases indicates a broken mod.
[m[32m[17:30:40] [main/INFO] [ne.mi.re.GameData/]: Potentially Dangerous alternative prefix `lepton` for name `stripped_wisteria_wood_stairs`, expected `differentiate`. This could be a intended override, but in most cases indicates a broken mod.
[m[32m[17:30:40] [main/INFO] [ne.mi.re.GameData/]: Potentially Dangerous alternative prefix `lepton` for name `stripped_wisteria_wood_wall`, expected `differentiate`. This could be a intended override, but in most cases indicates a broken mod.
[m[32m[17:30:40] [main/INFO] [ne.mi.re.GameData/]: Potentially Dangerous alternative prefix `lepton` for name `stripped_wisteria_wood_vertical_slab`, expected `differentiate`. This could be a intended override, but in most cases indicates a broken mod.
[m[32m[17:30:40] [main/INFO] [ne.mi.re.GameData/]: Potentially Dangerous alternative prefix `lepton` for name `wisteria_wood_slab`, expected `differentiate`. This could be a intended override, but in most cases indicates a broken mod.
[m[32m[17:30:40] [main/INFO] [ne.mi.re.GameData/]: Potentially Dangerous alternative prefix `lepton` for name `wisteria_wood_stairs`, expected `differentiate`. This could be a intended override, but in most cases indicates a broken mod.
[m[32m[17:30:40] [main/INFO] [ne.mi.re.GameData/]: Potentially Dangerous alternative prefix `lepton` for name `wisteria_wood_wall`, expected `differentiate`. This could be a intended override, but in most cases indicates a broken mod.
[m[32m[17:30:40] [main/INFO] [ne.mi.re.GameData/]: Potentially Dangerous alternative prefix `lepton` for name `wisteria_wood_vertical_slab`, expected `differentiate`. This could be a intended override, but in most cases indicates a broken mod.
[m[32m[17:30:40] [main/INFO] [ne.mi.re.GameData/]: Potentially Dangerous alternative prefix `lepton` for name `stripped_cherry_wood_slab`, expected `differentiate`. This could be a intended override, but in most cases indicates a broken mod.
[m[32m[17:30:40] [main/INFO] [ne.mi.re.GameData/]: Potentially Dangerous alternative prefix `lepton` for name `stripped_cherry_wood_stairs`, expected `differentiate`. This could be a intended override, but in most cases indicates a broken mod.
[m[32m[17:30:40] [main/INFO] [ne.mi.re.GameData/]: Potentially Dangerous alternative prefix `lepton` for name `stripped_cherry_wood_wall`, expected `differentiate`. This could be a intended override, but in most cases indicates a broken mod.
[m[32m[17:30:40] [main/INFO] [ne.mi.re.GameData/]: Potentially Dangerous alternative prefix `lepton` for name `stripped_cherry_wood_vertical_slab`, expected `differentiate`. This could be a intended override, but in most cases indicates a broken mod.
[m[32m[17:30:40] [main/INFO] [ne.mi.re.GameData/]: Potentially Dangerous alternative prefix `lepton` for name `cherry_wood_slab`, expected `differentiate`. This could be a intended override, but in most cases indicates a broken mod.
[m[32m[17:30:40] [main/INFO] [ne.mi.re.GameData/]: Potentially Dangerous alternative prefix `lepton` for name `cherry_wood_stairs`, expected `differentiate`. This could be a intended override, but in most cases indicates a broken mod.
[m[32m[17:30:40] [main/INFO] [ne.mi.re.GameData/]: Potentially Dangerous alternative prefix `lepton` for name `cherry_wood_wall`, expected `differentiate`. This could be a intended override, but in most cases indicates a broken mod.
[m[32m[17:30:40] [main/INFO] [ne.mi.re.GameData/]: Potentially Dangerous alternative prefix `lepton` for name `cherry_wood_vertical_slab`, expected `differentiate`. This could be a intended override, but in most cases indicates a broken mod.
[m[32m[17:30:40] [main/INFO] [ne.mi.re.GameData/]: Potentially Dangerous alternative prefix `lepton` for name `stripped_willow_wood_slab`, expected `differentiate`. This could be a intended override, but in most cases indicates a broken mod.
[m[32m[17:30:40] [main/INFO] [ne.mi.re.GameData/]: Potentially Dangerous alternative prefix `lepton` for name `stripped_willow_wood_stairs`, expected `differentiate`. This could be a intended override, but in most cases indicates a broken mod.
[m[32m[17:30:40] [main/INFO] [ne.mi.re.GameData/]: Potentially Dangerous alternative prefix `lepton` for name `stripped_willow_wood_wall`, expected `differentiate`. This could be a intended override, but in most cases indicates a broken mod.
[m[32m[17:30:40] [main/INFO] [ne.mi.re.GameData/]: Potentially Dangerous alternative prefix `lepton` for name `stripped_willow_wood_vertical_slab`, expected `differentiate`. This could be a intended override, but in most cases indicates a broken mod.
[m[32m[17:30:40] [main/INFO] [ne.mi.re.GameData/]: Potentially Dangerous alternative prefix `lepton` for name `willow_wood_slab`, expected `differentiate`. This could be a intended override, but in most cases indicates a broken mod.
[m[32m[17:30:40] [main/INFO] [ne.mi.re.GameData/]: Potentially Dangerous alternative prefix `lepton` for name `willow_wood_stairs`, expected `differentiate`. This could be a intended override, but in most cases indicates a broken mod.
[m[32m[17:30:40] [main/INFO] [ne.mi.re.GameData/]: Potentially Dangerous alternative prefix `lepton` for name `willow_wood_wall`, expected `differentiate`. This could be a intended override, but in most cases indicates a broken mod.
[m[32m[17:30:40] [main/INFO] [ne.mi.re.GameData/]: Potentially Dangerous alternative prefix `lepton` for name `willow_wood_vertical_slab`, expected `differentiate`. This could be a intended override, but in most cases indicates a broken mod.
[m[32m[17:30:40] [main/INFO] [ne.mi.re.GameData/]: Potentially Dangerous alternative prefix `lepton` for name `stripped_red_mushroom_hyphae_slab`, expected `differentiate`. This could be a intended override, but in most cases indicates a broken mod.
[m[32m[17:30:40] [main/INFO] [ne.mi.re.GameData/]: Potentially Dangerous alternative prefix `lepton` for name `stripped_red_mushroom_hyphae_stairs`, expected `differentiate`. This could be a intended override, but in most cases indicates a broken mod.
[m[32m[17:30:40] [main/INFO] [ne.mi.re.GameData/]: Potentially Dangerous alternative prefix `lepton` for name `stripped_red_mushroom_hyphae_wall`, expected `differentiate`. This could be a intended override, but in most cases indicates a broken mod.
[m[32m[17:30:40] [main/INFO] [ne.mi.re.GameData/]: Potentially Dangerous alternative prefix `lepton` for name `stripped_red_mushroom_hyphae_vertical_slab`, expected `differentiate`. This could be a intended override, but in most cases indicates a broken mod.
[m[32m[17:30:40] [main/INFO] [ne.mi.re.GameData/]: Potentially Dangerous alternative prefix `lepton` for name `red_mushroom_hyphae_slab`, expected `differentiate`. This could be a intended override, but in most cases indicates a broken mod.
[m[32m[17:30:40] [main/INFO] [ne.mi.re.GameData/]: Potentially Dangerous alternative prefix `lepton` for name `red_mushroom_hyphae_stairs`, expected `differentiate`. This could be a intended override, but in most cases indicates a broken mod.
[m[32m[17:30:40] [main/INFO] [ne.mi.re.GameData/]: Potentially Dangerous alternative prefix `lepton` for name `red_mushroom_hyphae_wall`, expected `differentiate`. This could be a intended override, but in most cases indicates a broken mod.
[m[32m[17:30:40] [main/INFO] [ne.mi.re.GameData/]: Potentially Dangerous alternative prefix `lepton` for name `red_mushroom_hyphae_vertical_slab`, expected `differentiate`. This could be a intended override, but in most cases indicates a broken mod.
[m[32m[17:30:40] [main/INFO] [ne.mi.re.GameData/]: Potentially Dangerous alternative prefix `lepton` for name `stripped_brown_mushroom_hyphae_slab`, expected `differentiate`. This could be a intended override, but in most cases indicates a broken mod.
[m[32m[17:30:40] [main/INFO] [ne.mi.re.GameData/]: Potentially Dangerous alternative prefix `lepton` for name `stripped_brown_mushroom_hyphae_stairs`, expected `differentiate`. This could be a intended override, but in most cases indicates a broken mod.
[m[32m[17:30:40] [main/INFO] [ne.mi.re.GameData/]: Potentially Dangerous alternative prefix `lepton` for name `stripped_brown_mushroom_hyphae_wall`, expected `differentiate`. This could be a intended override, but in most cases indicates a broken mod.
[m[32m[17:30:40] [main/INFO] [ne.mi.re.GameData/]: Potentially Dangerous alternative prefix `lepton` for name `stripped_brown_mushroom_hyphae_vertical_slab`, expected `differentiate`. This could be a intended override, but in most cases indicates a broken mod.
[m[32m[17:30:40] [main/INFO] [ne.mi.re.GameData/]: Potentially Dangerous alternative prefix `lepton` for name `brown_mushroom_hyphae_slab`, expected `differentiate`. This could be a intended override, but in most cases indicates a broken mod.
[m[32m[17:30:40] [main/INFO] [ne.mi.re.GameData/]: Potentially Dangerous alternative prefix `lepton` for name `brown_mushroom_hyphae_stairs`, expected `differentiate`. This could be a intended override, but in most cases indicates a broken mod.
[m[32m[17:30:40] [main/INFO] [ne.mi.re.GameData/]: Potentially Dangerous alternative prefix `lepton` for name `brown_mushroom_hyphae_wall`, expected `differentiate`. This could be a intended override, but in most cases indicates a broken mod.
[m[32m[17:30:40] [main/INFO] [ne.mi.re.GameData/]: Potentially Dangerous alternative prefix `lepton` for name `brown_mushroom_hyphae_vertical_slab`, expected `differentiate`. This could be a intended override, but in most cases indicates a broken mod.
[m[1;31m[17:30:40] [main/FATAL] [ne.mi.fm.lo.RuntimeDistCleaner/DISTXFORM]: Attempted to load class net/minecraft/client/renderer/RenderType for invalid dist DEDICATED_SERVER
[m[1;31m[17:30:40] [main/FATAL] [ne.mi.fm.lo.RuntimeDistCleaner/DISTXFORM]: Attempted to load class net/minecraft/client/renderer/RenderType for invalid dist DEDICATED_SERVER
[m[32m[17:30:40] [main/INFO] [ne.mi.re.GameData/]: Potentially Dangerous alternative prefix `lepton` for name `stripped_glowshroom_hyphae_slab`, expected `differentiate`. This could be a intended override, but in most cases indicates a broken mod.
[m[1;31m[17:30:40] [main/FATAL] [ne.mi.fm.lo.RuntimeDistCleaner/DISTXFORM]: Attempted to load class net/minecraft/client/renderer/RenderType for invalid dist DEDICATED_SERVER
[m[1;31m[17:30:40] [main/FATAL] [ne.mi.fm.lo.RuntimeDistCleaner/DISTXFORM]: Attempted to load class net/minecraft/client/renderer/RenderType for invalid dist DEDICATED_SERVER
[m[32m[17:30:40] [main/INFO] [ne.mi.re.GameData/]: Potentially Dangerous alternative prefix `lepton` for name `stripped_glowshroom_hyphae_stairs`, expected `differentiate`. This could be a intended override, but in most cases indicates a broken mod.
[m[1;31m[17:30:40] [main/FATAL] [ne.mi.fm.lo.RuntimeDistCleaner/DISTXFORM]: Attempted to load class net/minecraft/client/renderer/RenderType for invalid dist DEDICATED_SERVER
[m[1;31m[17:30:40] [main/FATAL] [ne.mi.fm.lo.RuntimeDistCleaner/DISTXFORM]: Attempted to load class net/minecraft/client/renderer/RenderType for invalid dist DEDICATED_SERVER
[m[32m[17:30:40] [main/INFO] [ne.mi.re.GameData/]: Potentially Dangerous alternative prefix `lepton` for name `stripped_glowshroom_hyphae_wall`, expected `differentiate`. This could be a intended override, but in most cases indicates a broken mod.
[m[1;31m[17:30:40] [main/FATAL] [ne.mi.fm.lo.RuntimeDistCleaner/DISTXFORM]: Attempted to load class net/minecraft/client/renderer/RenderType for invalid dist DEDICATED_SERVER
[m[1;31m[17:30:40] [main/FATAL] [ne.mi.fm.lo.RuntimeDistCleaner/DISTXFORM]: Attempted to load class net/minecraft/client/renderer/RenderType for invalid dist DEDICATED_SERVER
[m[32m[17:30:40] [main/INFO] [ne.mi.re.GameData/]: Potentially Dangerous alternative prefix `lepton` for name `stripped_glowshroom_hyphae_vertical_slab`, expected `differentiate`. This could be a intended override, but in most cases indicates a broken mod.
[m[32m[17:30:40] [main/INFO] [ne.mi.re.GameData/]: Potentially Dangerous alternative prefix `lepton` for name `glowshroom_hyphae_slab`, expected `differentiate`. This could be a intended override, but in most cases indicates a broken mod.
[m[32m[17:30:40] [main/INFO] [ne.mi.re.GameData/]: Potentially Dangerous alternative prefix `lepton` for name `glowshroom_hyphae_stairs`, expected `differentiate`. This could be a intended override, but in most cases indicates a broken mod.
[m[32m[17:30:40] [main/INFO] [ne.mi.re.GameData/]: Potentially Dangerous alternative prefix `lepton` for name `glowshroom_hyphae_wall`, expected `differentiate`. This could be a intended override, but in most cases indicates a broken mod.
[m[32m[17:30:40] [main/INFO] [ne.mi.re.GameData/]: Potentially Dangerous alternative prefix `lepton` for name `glowshroom_hyphae_vertical_slab`, expected `differentiate`. This could be a intended override, but in most cases indicates a broken mod.
[m[32m[17:30:40] [main/INFO] [ne.mi.re.GameData/]: Potentially Dangerous alternative prefix `lepton` for name `stripped_jacaranda_wood_slab`, expected `differentiate`. This could be a intended override, but in most cases indicates a broken mod.
[m[32m[17:30:40] [main/INFO] [ne.mi.re.GameData/]: Potentially Dangerous alternative prefix `lepton` for name `stripped_jacaranda_wood_stairs`, expected `differentiate`. This could be a intended override, but in most cases indicates a broken mod.
[m[32m[17:30:40] [main/INFO] [ne.mi.re.GameData/]: Potentially Dangerous alternative prefix `lepton` for name `stripped_jacaranda_wood_wall`, expected `differentiate`. This could be a intended override, but in most cases indicates a broken mod.
[m[32m[17:30:40] [main/INFO] [ne.mi.re.GameData/]: Potentially Dangerous alternative prefix `lepton` for name `stripped_jacaranda_wood_vertical_slab`, expected `differentiate`. This could be a intended override, but in most cases indicates a broken mod.
[m[32m[17:30:40] [main/INFO] [ne.mi.re.GameData/]: Potentially Dangerous alternative prefix `lepton` for name `jacaranda_wood_slab`, expected `differentiate`. This could be a intended override, but in most cases indicates a broken mod.
[m[32m[17:30:40] [main/INFO] [ne.mi.re.GameData/]: Potentially Dangerous alternative prefix `lepton` for name `jacaranda_wood_stairs`, expected `differentiate`. This could be a intended override, but in most cases indicates a broken mod.
[m[32m[17:30:40] [main/INFO] [ne.mi.re.GameData/]: Potentially Dangerous alternative prefix `lepton` for name `jacaranda_wood_wall`, expected `differentiate`. This could be a intended override, but in most cases indicates a broken mod.
[m[32m[17:30:40] [main/INFO] [ne.mi.re.GameData/]: Potentially Dangerous alternative prefix `lepton` for name `jacaranda_wood_vertical_slab`, expected `differentiate`. This could be a intended override, but in most cases indicates a broken mod.
[m[32m[17:30:40] [main/INFO] [ne.mi.re.GameData/]: Potentially Dangerous alternative prefix `lepton` for name `stripped_redbud_wood_slab`, expected `differentiate`. This could be a intended override, but in most cases indicates a broken mod.
[m[32m[17:30:40] [main/INFO] [ne.mi.re.GameData/]: Potentially Dangerous alternative prefix `lepton` for name `stripped_redbud_wood_stairs`, expected `differentiate`. This could be a intended override, but in most cases indicates a broken mod.
[m[32m[17:30:40] [main/INFO] [ne.mi.re.GameData/]: Potentially Dangerous alternative prefix `lepton` for name `stripped_redbud_wood_wall`, expected `differentiate`. This could be a intended override, but in most cases indicates a broken mod.
[m[32m[17:30:40] [main/INFO] [ne.mi.re.GameData/]: Potentially Dangerous alternative prefix `lepton` for name `stripped_redbud_wood_vertical_slab`, expected `differentiate`. This could be a intended override, but in most cases indicates a broken mod.
[m[32m[17:30:40] [main/INFO] [ne.mi.re.GameData/]: Potentially Dangerous alternative prefix `lepton` for name `redbud_wood_slab`, expected `differentiate`. This could be a intended override, but in most cases indicates a broken mod.
[m[32m[17:30:40] [main/INFO] [ne.mi.re.GameData/]: Potentially Dangerous alternative prefix `lepton` for name `redbud_wood_stairs`, expected `differentiate`. This could be a intended override, but in most cases indicates a broken mod.
[m[32m[17:30:40] [main/INFO] [ne.mi.re.GameData/]: Potentially Dangerous alternative prefix `lepton` for name `redbud_wood_wall`, expected `differentiate`. This could be a intended override, but in most cases indicates a broken mod.
[m[32m[17:30:40] [main/INFO] [ne.mi.re.GameData/]: Potentially Dangerous alternative prefix `lepton` for name `redbud_wood_vertical_slab`, expected `differentiate`. This could be a intended override, but in most cases indicates a broken mod.
[m[32m[17:30:40] [main/INFO] [ne.mi.re.GameData/]: Potentially Dangerous alternative prefix `lepton` for name `stripped_cypress_wood_slab`, expected `differentiate`. This could be a intended override, but in most cases indicates a broken mod.
[m[32m[17:30:40] [main/INFO] [ne.mi.re.GameData/]: Potentially Dangerous alternative prefix `lepton` for name `stripped_cypress_wood_stairs`, expected `differentiate`. This could be a intended override, but in most cases indicates a broken mod.
[m[32m[17:30:40] [main/INFO] [ne.mi.re.GameData/]: Potentially Dangerous alternative prefix `lepton` for name `stripped_cypress_wood_wall`, expected `differentiate`. This could be a intended override, but in most cases indicates a broken mod.
[m[32m[17:30:40] [main/INFO] [ne.mi.re.GameData/]: Potentially Dangerous alternative prefix `lepton` for name `stripped_cypress_wood_vertical_slab`, expected `differentiate`. This could be a intended override, but in most cases indicates a broken mod.
[m[32m[17:30:40] [main/INFO] [ne.mi.re.GameData/]: Potentially Dangerous alternative prefix `lepton` for name `cypress_wood_slab`, expected `differentiate`. This could be a intended override, but in most cases indicates a broken mod.
[m[32m[17:30:40] [main/INFO] [ne.mi.re.GameData/]: Potentially Dangerous alternative prefix `lepton` for name `cypress_wood_stairs`, expected `differentiate`. This could be a intended override, but in most cases indicates a broken mod.
[m[32m[17:30:40] [main/INFO] [ne.mi.re.GameData/]: Potentially Dangerous alternative prefix `lepton` for name `cypress_wood_wall`, expected `differentiate`. This could be a intended override, but in most cases indicates a broken mod.
[m[32m[17:30:40] [main/INFO] [ne.mi.re.GameData/]: Potentially Dangerous alternative prefix `lepton` for name `cypress_wood_vertical_slab`, expected `differentiate`. This could be a intended override, but in most cases indicates a broken mod.
[m[32m[17:30:40] [main/INFO] [ne.mi.re.GameData/]: Potentially Dangerous alternative prefix `lepton` for name `cracked_glowdust_sandstone`, expected `differentiate`. This could be a intended override, but in most cases indicates a broken mod.
[m[32m[17:30:40] [main/INFO] [ne.mi.re.GameData/]: Potentially Dangerous alternative prefix `lepton` for name `cracked_glowdust_sandstone_slab`, expected `differentiate`. This could be a intended override, but in most cases indicates a broken mod.
[m[32m[17:30:40] [main/INFO] [ne.mi.re.GameData/]: Potentially Dangerous alternative prefix `lepton` for name `cracked_glowdust_sandstone_stairs`, expected `differentiate`. This could be a intended override, but in most cases indicates a broken mod.
[m[32m[17:30:40] [main/INFO] [ne.mi.re.GameData/]: Potentially Dangerous alternative prefix `lepton` for name `cracked_glowdust_sandstone_wall`, expected `differentiate`. This could be a intended override, but in most cases indicates a broken mod.
[m[32m[17:30:40] [main/INFO] [ne.mi.re.GameData/]: Potentially Dangerous alternative prefix `lepton` for name `cracked_glowdust_sandstone_vertical_slab`, expected `differentiate`. This could be a intended override, but in most cases indicates a broken mod.
[m[32m[17:30:40] [main/INFO] [ne.mi.re.GameData/]: Potentially Dangerous alternative prefix `lepton` for name `cut_glowdust_sandstone_stairs`, expected `differentiate`. This could be a intended override, but in most cases indicates a broken mod.
[m[32m[17:30:40] [main/INFO] [ne.mi.re.GameData/]: Potentially Dangerous alternative prefix `lepton` for name `cut_glowdust_sandstone_wall`, expected `differentiate`. This could be a intended override, but in most cases indicates a broken mod.
[m[32m[17:30:40] [main/INFO] [ne.mi.re.GameData/]: Potentially Dangerous alternative prefix `lepton` for name `smooth_glowdust_sandstone_wall`, expected `differentiate`. This could be a intended override, but in most cases indicates a broken mod.
[m[32m[17:30:40] [main/INFO] [ne.mi.re.GameData/]: Potentially Dangerous alternative prefix `lepton` for name `himmel_wall`, expected `differentiate`. This could be a intended override, but in most cases indicates a broken mod.
[m[32m[17:30:40] [main/INFO] [ne.mi.re.GameData/]: Potentially Dangerous alternative prefix `minecraft` for name `white_carpet`, expected `inspirations`. This could be a intended override, but in most cases indicates a broken mod.
[m[32m[17:30:40] [main/INFO] [ne.mi.re.GameData/]: Potentially Dangerous alternative prefix `minecraft` for name `orange_carpet`, expected `inspirations`. This could be a intended override, but in most cases indicates a broken mod.
[m[32m[17:30:40] [main/INFO] [ne.mi.re.GameData/]: Potentially Dangerous alternative prefix `minecraft` for name `magenta_carpet`, expected `inspirations`. This could be a intended override, but in most cases indicates a broken mod.
[m[32m[17:30:40] [main/INFO] [ne.mi.re.GameData/]: Potentially Dangerous alternative prefix `minecraft` for name `light_blue_carpet`, expected `inspirations`. This could be a intended override, but in most cases indicates a broken mod.
[m[32m[17:30:40] [main/INFO] [ne.mi.re.GameData/]: Potentially Dangerous alternative prefix `minecraft` for name `yellow_carpet`, expected `inspirations`. This could be a intended override, but in most cases indicates a broken mod.
[m[32m[17:30:40] [main/INFO] [ne.mi.re.GameData/]: Potentially Dangerous alternative prefix `minecraft` for name `lime_carpet`, expected `inspirations`. This could be a intended override, but in most cases indicates a broken mod.
[m[32m[17:30:40] [main/INFO] [ne.mi.re.GameData/]: Potentially Dangerous alternative prefix `minecraft` for name `pink_carpet`, expected `inspirations`. This could be a intended override, but in most cases indicates a broken mod.
[m[32m[17:30:40] [main/INFO] [ne.mi.re.GameData/]: Potentially Dangerous alternative prefix `minecraft` for name `gray_carpet`, expected `inspirations`. This could be a intended override, but in most cases indicates a broken mod.
[m[32m[17:30:40] [main/INFO] [ne.mi.re.GameData/]: Potentially Dangerous alternative prefix `minecraft` for name `light_gray_carpet`, expected `inspirations`. This could be a intended override, but in most cases indicates a broken mod.
[m[32m[17:30:40] [main/INFO] [ne.mi.re.GameData/]: Potentially Dangerous alternative prefix `minecraft` for name `cyan_carpet`, expected `inspirations`. This could be a intended override, but in most cases indicates a broken mod.
[m[32m[17:30:40] [main/INFO] [ne.mi.re.GameData/]: Potentially Dangerous alternative prefix `minecraft` for name `purple_carpet`, expected `inspirations`. This could be a intended override, but in most cases indicates a broken mod.
[m[32m[17:30:40] [main/INFO] [ne.mi.re.GameData/]: Potentially Dangerous alternative prefix `minecraft` for name `blue_carpet`, expected `inspirations`. This could be a intended override, but in most cases indicates a broken mod.
[m[32m[17:30:40] [main/INFO] [ne.mi.re.GameData/]: Potentially Dangerous alternative prefix `minecraft` for name `brown_carpet`, expected `inspirations`. This could be a intended override, but in most cases indicates a broken mod.
[m[32m[17:30:40] [main/INFO] [ne.mi.re.GameData/]: Potentially Dangerous alternative prefix `minecraft` for name `green_carpet`, expected `inspirations`. This could be a intended override, but in most cases indicates a broken mod.
[m[32m[17:30:40] [main/INFO] [ne.mi.re.GameData/]: Potentially Dangerous alternative prefix `minecraft` for name `red_carpet`, expected `inspirations`. This could be a intended override, but in most cases indicates a broken mod.
[m[32m[17:30:40] [main/INFO] [ne.mi.re.GameData/]: Potentially Dangerous alternative prefix `minecraft` for name `black_carpet`, expected `inspirations`. This could be a intended override, but in most cases indicates a broken mod.
[m[32m[17:30:40] [main/INFO] [ne.mi.re.GameData/]: Potentially Dangerous alternative prefix `minecraft` for name `cauldron`, expected `inspirations`. This could be a intended override, but in most cases indicates a broken mod.
[m[1;31m[17:30:40] [main/FATAL] [ne.mi.fm.lo.RuntimeDistCleaner/DISTXFORM]: Attempted to load class net/minecraft/client/particle/ParticleManager for invalid dist DEDICATED_SERVER
[m[1;31m[17:30:40] [main/FATAL] [ne.mi.fm.lo.RuntimeDistCleaner/DISTXFORM]: Attempted to load class net/minecraft/client/particle/ParticleManager for invalid dist DEDICATED_SERVER
[m[32m[17:30:40] [main/INFO] [ne.mi.re.GameData/]: Potentially Dangerous alternative prefix `minecraft` for name `shulker_shell`, expected `supplementaries`. This could be a intended override, but in most cases indicates a broken mod.
[m[32m[17:30:40] [main/INFO] [patchouli/]: Loaded book jsons on Thread[main,5,main] in 75 ms
[m[32m[17:30:40] [main/INFO] [ne.mi.re.GameData/]: Potentially Dangerous alternative prefix `cookielicious` for name `vanilla_cookie`, expected `differentiate`. This could be a intended override, but in most cases indicates a broken mod.
[m[32m[17:30:40] [main/INFO] [ne.mi.re.GameData/]: Potentially Dangerous alternative prefix `cookielicious` for name `chocolate_cookie`, expected `differentiate`. This could be a intended override, but in most cases indicates a broken mod.
[m[32m[17:30:40] [main/INFO] [ne.mi.re.GameData/]: Potentially Dangerous alternative prefix `cookielicious` for name `strawberry_cookie`, expected `differentiate`. This could be a intended override, but in most cases indicates a broken mod.
[m[32m[17:30:40] [main/INFO] [ne.mi.re.GameData/]: Potentially Dangerous alternative prefix `cookielicious` for name `banana_cookie`, expected `differentiate`. This could be a intended override, but in most cases indicates a broken mod.
[m[32m[17:30:40] [main/INFO] [ne.mi.re.GameData/]: Potentially Dangerous alternative prefix `cookielicious` for name `mint_cookie`, expected `differentiate`. This could be a intended override, but in most cases indicates a broken mod.
[m[32m[17:30:40] [main/INFO] [ne.mi.re.GameData/]: Potentially Dangerous alternative prefix `cookielicious` for name `adzuki_cookie`, expected `differentiate`. This could be a intended override, but in most cases indicates a broken mod.
[m[32m[17:30:40] [main/INFO] [ne.mi.re.GameData/]: Potentially Dangerous alternative prefix `cookielicious` for name `cookie_tiles`, expected `differentiate`. This could be a intended override, but in most cases indicates a broken mod.
[m[32m[17:30:40] [main/INFO] [ne.mi.re.GameData/]: Potentially Dangerous alternative prefix `cookielicious` for name `cookie_tile_slab`, expected `differentiate`. This could be a intended override, but in most cases indicates a broken mod.
[m[32m[17:30:40] [main/INFO] [ne.mi.re.GameData/]: Potentially Dangerous alternative prefix `cookielicious` for name `cookie_tile_stairs`, expected `differentiate`. This could be a intended override, but in most cases indicates a broken mod.
[m[32m[17:30:40] [main/INFO] [ne.mi.re.GameData/]: Potentially Dangerous alternative prefix `cookielicious` for name `cookie_tile_wall`, expected `differentiate`. This could be a intended override, but in most cases indicates a broken mod.
[m[32m[17:30:40] [main/INFO] [ne.mi.re.GameData/]: Potentially Dangerous alternative prefix `cookielicious` for name `cookie_tile_vertical_slab`, expected `differentiate`. This could be a intended override, but in most cases indicates a broken mod.
[m[32m[17:30:40] [main/INFO] [ne.mi.re.GameData/]: Potentially Dangerous alternative prefix `cookielicious` for name `strawberry_cookie_tiles`, expected `differentiate`. This could be a intended override, but in most cases indicates a broken mod.
[m[32m[17:30:40] [main/INFO] [ne.mi.re.GameData/]: Potentially Dangerous alternative prefix `cookielicious` for name `strawberry_cookie_tile_slab`, expected `differentiate`. This could be a intended override, but in most cases indicates a broken mod.
[m[32m[17:30:40] [main/INFO] [ne.mi.re.GameData/]: Potentially Dangerous alternative prefix `cookielicious` for name `strawberry_cookie_tile_stairs`, expected `differentiate`. This could be a intended override, but in most cases indicates a broken mod.
[m[32m[17:30:40] [main/INFO] [ne.mi.re.GameData/]: Potentially Dangerous alternative prefix `cookielicious` for name `strawberry_cookie_tile_wall`, expected `differentiate`. This could be a intended override, but in most cases indicates a broken mod.
[m[32m[17:30:40] [main/INFO] [ne.mi.re.GameData/]: Potentially Dangerous alternative prefix `cookielicious` for name `strawberry_cookie_tile_vertical_slab`, expected `differentiate`. This could be a intended override, but in most cases indicates a broken mod.
[m[32m[17:30:40] [main/INFO] [ne.mi.re.GameData/]: Potentially Dangerous alternative prefix `cookielicious` for name `chocolate_cookie_tiles`, expected `differentiate`. This could be a intended override, but in most cases indicates a broken mod.
[m[32m[17:30:40] [main/INFO] [ne.mi.re.GameData/]: Potentially Dangerous alternative prefix `cookielicious` for name `chocolate_cookie_tile_slab`, expected `differentiate`. This could be a intended override, but in most cases indicates a broken mod.
[m[32m[17:30:40] [main/INFO] [ne.mi.re.GameData/]: Potentially Dangerous alternative prefix `cookielicious` for name `chocolate_cookie_tile_stairs`, expected `differentiate`. This could be a intended override, but in most cases indicates a broken mod.
[m[32m[17:30:40] [main/INFO] [ne.mi.re.GameData/]: Potentially Dangerous alternative prefix `cookielicious` for name `chocolate_cookie_tile_wall`, expected `differentiate`. This could be a intended override, but in most cases indicates a broken mod.
[m[32m[17:30:40] [main/INFO] [ne.mi.re.GameData/]: Potentially Dangerous alternative prefix `cookielicious` for name `chocolate_cookie_tile_vertical_slab`, expected `differentiate`. This could be a intended override, but in most cases indicates a broken mod.
[m[32m[17:30:40] [main/INFO] [ne.mi.re.GameData/]: Potentially Dangerous alternative prefix `cookielicious` for name `vanilla_cookie_tiles`, expected `differentiate`. This could be a intended override, but in most cases indicates a broken mod.
[m[32m[17:30:40] [main/INFO] [ne.mi.re.GameData/]: Potentially Dangerous alternative prefix `cookielicious` for name `vanilla_cookie_tile_slab`, expected `differentiate`. This could be a intended override, but in most cases indicates a broken mod.
[m[32m[17:30:40] [main/INFO] [ne.mi.re.GameData/]: Potentially Dangerous alternative prefix `cookielicious` for name `vanilla_cookie_tile_stairs`, expected `differentiate`. This could be a intended override, but in most cases indicates a broken mod.
[m[32m[17:30:40] [main/INFO] [ne.mi.re.GameData/]: Potentially Dangerous alternative prefix `cookielicious` for name `vanilla_cookie_tile_wall`, expected `differentiate`. This could be a intended override, but in most cases indicates a broken mod.
[m[32m[17:30:40] [main/INFO] [ne.mi.re.GameData/]: Potentially Dangerous alternative prefix `cookielicious` for name `vanilla_cookie_tile_vertical_slab`, expected `differentiate`. This could be a intended override, but in most cases indicates a broken mod.
[m[32m[17:30:40] [main/INFO] [ne.mi.re.GameData/]: Potentially Dangerous alternative prefix `cookielicious` for name `honey_cookie_tiles`, expected `differentiate`. This could be a intended override, but in most cases indicates a broken mod.
[m[32m[17:30:40] [main/INFO] [ne.mi.re.GameData/]: Potentially Dangerous alternative prefix `cookielicious` for name `honey_cookie_tile_slab`, expected `differentiate`. This could be a intended override, but in most cases indicates a broken mod.
[m[32m[17:30:40] [main/INFO] [ne.mi.re.GameData/]: Potentially Dangerous alternative prefix `cookielicious` for name `honey_cookie_tile_stairs`, expected `differentiate`. This could be a intended override, but in most cases indicates a broken mod.
[m[32m[17:30:40] [main/INFO] [ne.mi.re.GameData/]: Potentially Dangerous alternative prefix `cookielicious` for name `honey_cookie_tile_wall`, expected `differentiate`. This could be a intended override, but in most cases indicates a broken mod.
[m[32m[17:30:40] [main/INFO] [ne.mi.re.GameData/]: Potentially Dangerous alternative prefix `cookielicious` for name `honey_cookie_tile_vertical_slab`, expected `differentiate`. This could be a intended override, but in most cases indicates a broken mod.
[m[32m[17:30:40] [main/INFO] [ne.mi.re.GameData/]: Potentially Dangerous alternative prefix `cookielicious` for name `sweet_berry_cookie_tiles`, expected `differentiate`. This could be a intended override, but in most cases indicates a broken mod.
[m[32m[17:30:40] [main/INFO] [ne.mi.re.GameData/]: Potentially Dangerous alternative prefix `cookielicious` for name `sweet_berry_cookie_tile_slab`, expected `differentiate`. This could be a intended override, but in most cases indicates a broken mod.
[m[32m[17:30:40] [main/INFO] [ne.mi.re.GameData/]: Potentially Dangerous alternative prefix `cookielicious` for name `sweet_berry_cookie_tile_stairs`, expected `differentiate`. This could be a intended override, but in most cases indicates a broken mod.
[m[32m[17:30:40] [main/INFO] [ne.mi.re.GameData/]: Potentially Dangerous alternative prefix `cookielicious` for name `sweet_berry_cookie_tile_wall`, expected `differentiate`. This could be a intended override, but in most cases indicates a broken mod.
[m[32m[17:30:40] [main/INFO] [ne.mi.re.GameData/]: Potentially Dangerous alternative prefix `cookielicious` for name `sweet_berry_cookie_tile_vertical_slab`, expected `differentiate`. This could be a intended override, but in most cases indicates a broken mod.
[m[32m[17:30:40] [main/INFO] [ne.mi.re.GameData/]: Potentially Dangerous alternative prefix `cookielicious` for name `banana_cookie_tiles`, expected `differentiate`. This could be a intended override, but in most cases indicates a broken mod.
[m[32m[17:30:40] [main/INFO] [ne.mi.re.GameData/]: Potentially Dangerous alternative prefix `cookielicious` for name `banana_cookie_tile_slab`, expected `differentiate`. This could be a intended override, but in most cases indicates a broken mod.
[m[32m[17:30:40] [main/INFO] [ne.mi.re.GameData/]: Potentially Dangerous alternative prefix `cookielicious` for name `banana_cookie_tile_stairs`, expected `differentiate`. This could be a intended override, but in most cases indicates a broken mod.
[m[32m[17:30:40] [main/INFO] [ne.mi.re.GameData/]: Potentially Dangerous alternative prefix `cookielicious` for name `banana_cookie_tile_wall`, expected `differentiate`. This could be a intended override, but in most cases indicates a broken mod.
[m[32m[17:30:40] [main/INFO] [ne.mi.re.GameData/]: Potentially Dangerous alternative prefix `cookielicious` for name `banana_cookie_tile_vertical_slab`, expected `differentiate`. This could be a intended override, but in most cases indicates a broken mod.
[m[32m[17:30:40] [main/INFO] [ne.mi.re.GameData/]: Potentially Dangerous alternative prefix `cookielicious` for name `mint_cookie_tiles`, expected `differentiate`. This could be a intended override, but in most cases indicates a broken mod.
[m[32m[17:30:40] [main/INFO] [ne.mi.re.GameData/]: Potentially Dangerous alternative prefix `cookielicious` for name `mint_cookie_tile_slab`, expected `differentiate`. This could be a intended override, but in most cases indicates a broken mod.
[m[32m[17:30:40] [main/INFO] [ne.mi.re.GameData/]: Potentially Dangerous alternative prefix `cookielicious` for name `mint_cookie_tile_stairs`, expected `differentiate`. This could be a intended override, but in most cases indicates a broken mod.
[m[32m[17:30:40] [main/INFO] [ne.mi.re.GameData/]: Potentially Dangerous alternative prefix `cookielicious` for name `mint_cookie_tile_wall`, expected `differentiate`. This could be a intended override, but in most cases indicates a broken mod.
[m[32m[17:30:40] [main/INFO] [ne.mi.re.GameData/]: Potentially Dangerous alternative prefix `cookielicious` for name `mint_cookie_tile_vertical_slab`, expected `differentiate`. This could be a intended override, but in most cases indicates a broken mod.
[m[32m[17:30:40] [main/INFO] [ne.mi.re.GameData/]: Potentially Dangerous alternative prefix `cookielicious` for name `adzuki_cookie_tiles`, expected `differentiate`. This could be a intended override, but in most cases indicates a broken mod.
[m[32m[17:30:40] [main/INFO] [ne.mi.re.GameData/]: Potentially Dangerous alternative prefix `cookielicious` for name `adzuki_cookie_tile_slab`, expected `differentiate`. This could be a intended override, but in most cases indicates a broken mod.
[m[32m[17:30:40] [main/INFO] [ne.mi.re.GameData/]: Potentially Dangerous alternative prefix `cookielicious` for name `adzuki_cookie_tile_stairs`, expected `differentiate`. This could be a intended override, but in most cases indicates a broken mod.
[m[32m[17:30:40] [main/INFO] [ne.mi.re.GameData/]: Potentially Dangerous alternative prefix `cookielicious` for name `adzuki_cookie_tile_wall`, expected `differentiate`. This could be a intended override, but in most cases indicates a broken mod.
[m[32m[17:30:40] [main/INFO] [ne.mi.re.GameData/]: Potentially Dangerous alternative prefix `cookielicious` for name `adzuki_cookie_tile_vertical_slab`, expected `differentiate`. This could be a intended override, but in most cases indicates a broken mod.
[m[32m[17:30:40] [main/INFO] [ne.mi.re.GameData/]: Potentially Dangerous alternative prefix `cookielicious` for name `cherry_cookie_tiles`, expected `differentiate`. This could be a intended override, but in most cases indicates a broken mod.
[m[32m[17:30:40] [main/INFO] [ne.mi.re.GameData/]: Potentially Dangerous alternative prefix `cookielicious` for name `cherry_cookie_tile_slab`, expected `differentiate`. This could be a intended override, but in most cases indicates a broken mod.
[m[32m[17:30:40] [main/INFO] [ne.mi.re.GameData/]: Potentially Dangerous alternative prefix `cookielicious` for name `cherry_cookie_tile_stairs`, expected `differentiate`. This could be a intended override, but in most cases indicates a broken mod.
[m[32m[17:30:40] [main/INFO] [ne.mi.re.GameData/]: Potentially Dangerous alternative prefix `cookielicious` for name `cherry_cookie_tile_wall`, expected `differentiate`. This could be a intended override, but in most cases indicates a broken mod.
[m[32m[17:30:40] [main/INFO] [ne.mi.re.GameData/]: Potentially Dangerous alternative prefix `cookielicious` for name `cherry_cookie_tile_vertical_slab`, expected `differentiate`. This could be a intended override, but in most cases indicates a broken mod.
[m[32m[17:30:40] [main/INFO] [ne.mi.re.GameData/]: Potentially Dangerous alternative prefix `cookielicious` for name `mulberry_cookie_tiles`, expected `differentiate`. This could be a intended override, but in most cases indicates a broken mod.
[m[32m[17:30:40] [main/INFO] [ne.mi.re.GameData/]: Potentially Dangerous alternative prefix `cookielicious` for name `mulberry_cookie_tile_slab`, expected `differentiate`. This could be a intended override, but in most cases indicates a broken mod.
[m[32m[17:30:40] [main/INFO] [ne.mi.re.GameData/]: Potentially Dangerous alternative prefix `cookielicious` for name `mulberry_cookie_tile_stairs`, expected `differentiate`. This could be a intended override, but in most cases indicates a broken mod.
[m[32m[17:30:40] [main/INFO] [ne.mi.re.GameData/]: Potentially Dangerous alternative prefix `cookielicious` for name `mulberry_cookie_tile_wall`, expected `differentiate`. This could be a intended override, but in most cases indicates a broken mod.
[m[32m[17:30:40] [main/INFO] [ne.mi.re.GameData/]: Potentially Dangerous alternative prefix `cookielicious` for name `mulberry_cookie_tile_vertical_slab`, expected `differentiate`. This could be a intended override, but in most cases indicates a broken mod.
[m[32m[17:30:40] [main/INFO] [ne.mi.re.GameData/]: Potentially Dangerous alternative prefix `cookielicious` for name `maple_cookie_tiles`, expected `differentiate`. This could be a intended override, but in most cases indicates a broken mod.
[m[32m[17:30:40] [main/INFO] [ne.mi.re.GameData/]: Potentially Dangerous alternative prefix `cookielicious` for name `maple_cookie_tile_slab`, expected `differentiate`. This could be a intended override, but in most cases indicates a broken mod.
[m[32m[17:30:40] [main/INFO] [ne.mi.re.GameData/]: Potentially Dangerous alternative prefix `cookielicious` for name `maple_cookie_tile_stairs`, expected `differentiate`. This could be a intended override, but in most cases indicates a broken mod.
[m[32m[17:30:40] [main/INFO] [ne.mi.re.GameData/]: Potentially Dangerous alternative prefix `cookielicious` for name `maple_cookie_tile_wall`, expected `differentiate`. This could be a intended override, but in most cases indicates a broken mod.
[m[32m[17:30:40] [main/INFO] [ne.mi.re.GameData/]: Potentially Dangerous alternative prefix `cookielicious` for name `maple_cookie_tile_vertical_slab`, expected `differentiate`. This could be a intended override, but in most cases indicates a broken mod.
[m[32m[17:30:40] [main/INFO] [ne.mi.re.GameData/]: Potentially Dangerous alternative prefix `cookielicious` for name `gooseberry_jam_cookie_tiles`, expected `differentiate`. This could be a intended override, but in most cases indicates a broken mod.
[m[32m[17:30:40] [main/INFO] [ne.mi.re.GameData/]: Potentially Dangerous alternative prefix `cookielicious` for name `gooseberry_jam_cookie_tile_slab`, expected `differentiate`. This could be a intended override, but in most cases indicates a broken mod.
[m[32m[17:30:40] [main/INFO] [ne.mi.re.GameData/]: Potentially Dangerous alternative prefix `cookielicious` for name `gooseberry_jam_cookie_tile_stairs`, expected `differentiate`. This could be a intended override, but in most cases indicates a broken mod.
[m[32m[17:30:40] [main/INFO] [ne.mi.re.GameData/]: Potentially Dangerous alternative prefix `cookielicious` for name `gooseberry_jam_cookie_tile_wall`, expected `differentiate`. This could be a intended override, but in most cases indicates a broken mod.
[m[32m[17:30:40] [main/INFO] [ne.mi.re.GameData/]: Potentially Dangerous alternative prefix `cookielicious` for name `gooseberry_jam_cookie_tile_vertical_slab`, expected `differentiate`. This could be a intended override, but in most cases indicates a broken mod.
[m[32m[17:30:40] [main/INFO] [ne.mi.re.GameData/]: Potentially Dangerous alternative prefix `lepton` for name `cracked_sandstone`, expected `differentiate`. This could be a intended override, but in most cases indicates a broken mod.
[m[32m[17:30:40] [main/INFO] [ne.mi.re.GameData/]: Potentially Dangerous alternative prefix `lepton` for name `cracked_red_sandstone`, expected `differentiate`. This could be a intended override, but in most cases indicates a broken mod.
[m[32m[17:30:40] [main/INFO] [ne.mi.re.GameData/]: Potentially Dangerous alternative prefix `lepton` for name `cracked_sandstone_slab`, expected `differentiate`. This could be a intended override, but in most cases indicates a broken mod.
[m[32m[17:30:40] [main/INFO] [ne.mi.re.GameData/]: Potentially Dangerous alternative prefix `lepton` for name `cracked_red_sandstone_slab`, expected `differentiate`. This could be a intended override, but in most cases indicates a broken mod.
[m[32m[17:30:40] [main/INFO] [ne.mi.re.GameData/]: Potentially Dangerous alternative prefix `lepton` for name `cracked_sandstone_stairs`, expected `differentiate`. This could be a intended override, but in most cases indicates a broken mod.
[m[32m[17:30:40] [main/INFO] [ne.mi.re.GameData/]: Potentially Dangerous alternative prefix `lepton` for name `cracked_red_sandstone_stairs`, expected `differentiate`. This could be a intended override, but in most cases indicates a broken mod.
[m[32m[17:30:40] [main/INFO] [ne.mi.re.GameData/]: Potentially Dangerous alternative prefix `lepton` for name `cracked_sandstone_wall`, expected `differentiate`. This could be a intended override, but in most cases indicates a broken mod.
[m[32m[17:30:40] [main/INFO] [ne.mi.re.GameData/]: Potentially Dangerous alternative prefix `lepton` for name `cracked_red_sandstone_wall`, expected `differentiate`. This could be a intended override, but in most cases indicates a broken mod.
[m[32m[17:30:40] [main/INFO] [ne.mi.re.GameData/]: Potentially Dangerous alternative prefix `lepton` for name `stripped_acacia_wood_slab`, expected `differentiate`. This could be a intended override, but in most cases indicates a broken mod.
[m[32m[17:30:40] [main/INFO] [ne.mi.re.GameData/]: Potentially Dangerous alternative prefix `lepton` for name `stripped_birch_wood_slab`, expected `differentiate`. This could be a intended override, but in most cases indicates a broken mod.
[m[32m[17:30:40] [main/INFO] [ne.mi.re.GameData/]: Potentially Dangerous alternative prefix `lepton` for name `stripped_dark_oak_wood_slab`, expected `differentiate`. This could be a intended override, but in most cases indicates a broken mod.
[m[32m[17:30:40] [main/INFO] [ne.mi.re.GameData/]: Potentially Dangerous alternative prefix `lepton` for name `stripped_jungle_wood_slab`, expected `differentiate`. This could be a intended override, but in most cases indicates a broken mod.
[m[32m[17:30:40] [main/INFO] [ne.mi.re.GameData/]: Potentially Dangerous alternative prefix `lepton` for name `stripped_oak_wood_slab`, expected `differentiate`. This could be a intended override, but in most cases indicates a broken mod.
[m[32m[17:30:40] [main/INFO] [ne.mi.re.GameData/]: Potentially Dangerous alternative prefix `lepton` for name `stripped_spruce_wood_slab`, expected `differentiate`. This could be a intended override, but in most cases indicates a broken mod.
[m[32m[17:30:40] [main/INFO] [ne.mi.re.GameData/]: Potentially Dangerous alternative prefix `lepton` for name `stripped_crimson_hyphae_slab`, expected `differentiate`. This could be a intended override, but in most cases indicates a broken mod.
[m[32m[17:30:40] [main/INFO] [ne.mi.re.GameData/]: Potentially Dangerous alternative prefix `lepton` for name `stripped_warped_hyphae_slab`, expected `differentiate`. This could be a intended override, but in most cases indicates a broken mod.
[m[32m[17:30:40] [main/INFO] [ne.mi.re.GameData/]: Potentially Dangerous alternative prefix `lepton` for name `acacia_wood_slab`, expected `differentiate`. This could be a intended override, but in most cases indicates a broken mod.
[m[32m[17:30:40] [main/INFO] [ne.mi.re.GameData/]: Potentially Dangerous alternative prefix `lepton` for name `birch_wood_slab`, expected `differentiate`. This could be a intended override, but in most cases indicates a broken mod.
[m[32m[17:30:40] [main/INFO] [ne.mi.re.GameData/]: Potentially Dangerous alternative prefix `lepton` for name `dark_oak_wood_slab`, expected `differentiate`. This could be a intended override, but in most cases indicates a broken mod.
[m[32m[17:30:40] [main/INFO] [ne.mi.re.GameData/]: Potentially Dangerous alternative prefix `lepton` for name `jungle_wood_slab`, expected `differentiate`. This could be a intended override, but in most cases indicates a broken mod.
[m[32m[17:30:40] [main/INFO] [ne.mi.re.GameData/]: Potentially Dangerous alternative prefix `lepton` for name `oak_wood_slab`, expected `differentiate`. This could be a intended override, but in most cases indicates a broken mod.
[m[32m[17:30:40] [main/INFO] [ne.mi.re.GameData/]: Potentially Dangerous alternative prefix `lepton` for name `spruce_wood_slab`, expected `differentiate`. This could be a intended override, but in most cases indicates a broken mod.
[m[32m[17:30:40] [main/INFO] [ne.mi.re.GameData/]: Potentially Dangerous alternative prefix `lepton` for name `crimson_hyphae_slab`, expected `differentiate`. This could be a intended override, but in most cases indicates a broken mod.
[m[32m[17:30:40] [main/INFO] [ne.mi.re.GameData/]: Potentially Dangerous alternative prefix `lepton` for name `warped_hyphae_slab`, expected `differentiate`. This could be a intended override, but in most cases indicates a broken mod.
[m[32m[17:30:40] [main/INFO] [ne.mi.re.GameData/]: Potentially Dangerous alternative prefix `lepton` for name `cracked_stone_brick_slab`, expected `differentiate`. This could be a intended override, but in most cases indicates a broken mod.
[m[32m[17:30:40] [main/INFO] [ne.mi.re.GameData/]: Potentially Dangerous alternative prefix `lepton` for name `quartz_brick_slab`, expected `differentiate`. This could be a intended override, but in most cases indicates a broken mod.
[m[32m[17:30:40] [main/INFO] [ne.mi.re.GameData/]: Potentially Dangerous alternative prefix `lepton` for name `cracked_nether_brick_slab`, expected `differentiate`. This could be a intended override, but in most cases indicates a broken mod.
[m[32m[17:30:40] [main/INFO] [ne.mi.re.GameData/]: Potentially Dangerous alternative prefix `lepton` for name `cracked_polished_blackstone_brick_slab`, expected `differentiate`. This could be a intended override, but in most cases indicates a broken mod.
[m[32m[17:30:40] [main/INFO] [ne.mi.re.GameData/]: Potentially Dangerous alternative prefix `lepton` for name `gilded_blackstone_slab`, expected `differentiate`. This could be a intended override, but in most cases indicates a broken mod.
[m[32m[17:30:40] [main/INFO] [ne.mi.re.GameData/]: Potentially Dangerous alternative prefix `lepton` for name `stripped_acacia_wood_stairs`, expected `differentiate`. This could be a intended override, but in most cases indicates a broken mod.
[m[32m[17:30:40] [main/INFO] [ne.mi.re.GameData/]: Potentially Dangerous alternative prefix `lepton` for name `stripped_birch_wood_stairs`, expected `differentiate`. This could be a intended override, but in most cases indicates a broken mod.
[m[32m[17:30:40] [main/INFO] [ne.mi.re.GameData/]: Potentially Dangerous alternative prefix `lepton` for name `stripped_dark_oak_wood_stairs`, expected `differentiate`. This could be a intended override, but in most cases indicates a broken mod.
[m[32m[17:30:40] [main/INFO] [ne.mi.re.GameData/]: Potentially Dangerous alternative prefix `lepton` for name `stripped_jungle_wood_stairs`, expected `differentiate`. This could be a intended override, but in most cases indicates a broken mod.
[m[32m[17:30:40] [main/INFO] [ne.mi.re.GameData/]: Potentially Dangerous alternative prefix `lepton` for name `stripped_oak_wood_stairs`, expected `differentiate`. This could be a intended override, but in most cases indicates a broken mod.
[m[32m[17:30:40] [main/INFO] [ne.mi.re.GameData/]: Potentially Dangerous alternative prefix `lepton` for name `stripped_spruce_wood_stairs`, expected `differentiate`. This could be a intended override, but in most cases indicates a broken mod.
[m[32m[17:30:40] [main/INFO] [ne.mi.re.GameData/]: Potentially Dangerous alternative prefix `lepton` for name `stripped_crimson_hyphae_stairs`, expected `differentiate`. This could be a intended override, but in most cases indicates a broken mod.
[m[32m[17:30:40] [main/INFO] [ne.mi.re.GameData/]: Potentially Dangerous alternative prefix `lepton` for name `stripped_warped_hyphae_stairs`, expected `differentiate`. This could be a intended override, but in most cases indicates a broken mod.
[m[32m[17:30:40] [main/INFO] [ne.mi.re.GameData/]: Potentially Dangerous alternative prefix `lepton` for name `acacia_wood_stairs`, expected `differentiate`. This could be a intended override, but in most cases indicates a broken mod.
[m[32m[17:30:40] [main/INFO] [ne.mi.re.GameData/]: Potentially Dangerous alternative prefix `lepton` for name `birch_wood_stairs`, expected `differentiate`. This could be a intended override, but in most cases indicates a broken mod.
[m[32m[17:30:40] [main/INFO] [ne.mi.re.GameData/]: Potentially Dangerous alternative prefix `lepton` for name `dark_oak_wood_stairs`, expected `differentiate`. This could be a intended override, but in most cases indicates a broken mod.
[m[32m[17:30:40] [main/INFO] [ne.mi.re.GameData/]: Potentially Dangerous alternative prefix `lepton` for name `jungle_wood_stairs`, expected `differentiate`. This could be a intended override, but in most cases indicates a broken mod.
[m[32m[17:30:40] [main/INFO] [ne.mi.re.GameData/]: Potentially Dangerous alternative prefix `lepton` for name `oak_wood_stairs`, expected `differentiate`. This could be a intended override, but in most cases indicates a broken mod.
[m[32m[17:30:40] [main/INFO] [ne.mi.re.GameData/]: Potentially Dangerous alternative prefix `lepton` for name `spruce_wood_stairs`, expected `differentiate`. This could be a intended override, but in most cases indicates a broken mod.
[m[32m[17:30:40] [main/INFO] [ne.mi.re.GameData/]: Potentially Dangerous alternative prefix `lepton` for name `crimson_hyphae_stairs`, expected `differentiate`. This could be a intended override, but in most cases indicates a broken mod.
[m[32m[17:30:40] [main/INFO] [ne.mi.re.GameData/]: Potentially Dangerous alternative prefix `lepton` for name `warped_hyphae_stairs`, expected `differentiate`. This could be a intended override, but in most cases indicates a broken mod.
[m[32m[17:30:40] [main/INFO] [ne.mi.re.GameData/]: Potentially Dangerous alternative prefix `lepton` for name `smooth_stone_stairs`, expected `differentiate`. This could be a intended override, but in most cases indicates a broken mod.
[m[32m[17:30:40] [main/INFO] [ne.mi.re.GameData/]: Potentially Dangerous alternative prefix `lepton` for name `cut_sandstone_stairs`, expected `differentiate`. This could be a intended override, but in most cases indicates a broken mod.
[m[32m[17:30:40] [main/INFO] [ne.mi.re.GameData/]: Potentially Dangerous alternative prefix `lepton` for name `cut_red_sandstone_stairs`, expected `differentiate`. This could be a intended override, but in most cases indicates a broken mod.
[m[32m[17:30:40] [main/INFO] [ne.mi.re.GameData/]: Potentially Dangerous alternative prefix `lepton` for name `cracked_stone_brick_stairs`, expected `differentiate`. This could be a intended override, but in most cases indicates a broken mod.
[m[32m[17:30:40] [main/INFO] [ne.mi.re.GameData/]: Potentially Dangerous alternative prefix `lepton` for name `quartz_brick_stairs`, expected `differentiate`. This could be a intended override, but in most cases indicates a broken mod.
[m[32m[17:30:40] [main/INFO] [ne.mi.re.GameData/]: Potentially Dangerous alternative prefix `lepton` for name `cracked_nether_brick_stairs`, expected `differentiate`. This could be a intended override, but in most cases indicates a broken mod.
[m[32m[17:30:40] [main/INFO] [ne.mi.re.GameData/]: Potentially Dangerous alternative prefix `lepton` for name `cracked_polished_blackstone_brick_stairs`, expected `differentiate`. This could be a intended override, but in most cases indicates a broken mod.
[m[32m[17:30:40] [main/INFO] [ne.mi.re.GameData/]: Potentially Dangerous alternative prefix `lepton` for name `gilded_blackstone_stairs`, expected `differentiate`. This could be a intended override, but in most cases indicates a broken mod.
[m[32m[17:30:40] [main/INFO] [ne.mi.re.GameData/]: Potentially Dangerous alternative prefix `lepton` for name `stripped_acacia_wood_wall`, expected `differentiate`. This could be a intended override, but in most cases indicates a broken mod.
[m[32m[17:30:40] [main/INFO] [ne.mi.re.GameData/]: Potentially Dangerous alternative prefix `lepton` for name `stripped_birch_wood_wall`, expected `differentiate`. This could be a intended override, but in most cases indicates a broken mod.
[m[32m[17:30:40] [main/INFO] [ne.mi.re.GameData/]: Potentially Dangerous alternative prefix `lepton` for name `stripped_dark_oak_wood_wall`, expected `differentiate`. This could be a intended override, but in most cases indicates a broken mod.
[m[32m[17:30:40] [main/INFO] [ne.mi.re.GameData/]: Potentially Dangerous alternative prefix `lepton` for name `stripped_jungle_wood_wall`, expected `differentiate`. This could be a intended override, but in most cases indicates a broken mod.
[m[32m[17:30:40] [main/INFO] [ne.mi.re.GameData/]: Potentially Dangerous alternative prefix `lepton` for name `stripped_oak_wood_wall`, expected `differentiate`. This could be a intended override, but in most cases indicates a broken mod.
[m[32m[17:30:40] [main/INFO] [ne.mi.re.GameData/]: Potentially Dangerous alternative prefix `lepton` for name `stripped_spruce_wood_wall`, expected `differentiate`. This could be a intended override, but in most cases indicates a broken mod.
[m[32m[17:30:40] [main/INFO] [ne.mi.re.GameData/]: Potentially Dangerous alternative prefix `lepton` for name `stripped_crimson_hyphae_wall`, expected `differentiate`. This could be a intended override, but in most cases indicates a broken mod.
[m[32m[17:30:40] [main/INFO] [ne.mi.re.GameData/]: Potentially Dangerous alternative prefix `lepton` for name `stripped_warped_hyphae_wall`, expected `differentiate`. This could be a intended override, but in most cases indicates a broken mod.
[m[32m[17:30:40] [main/INFO] [ne.mi.re.GameData/]: Potentially Dangerous alternative prefix `lepton` for name `acacia_wood_wall`, expected `differentiate`. This could be a intended override, but in most cases indicates a broken mod.
[m[32m[17:30:40] [main/INFO] [ne.mi.re.GameData/]: Potentially Dangerous alternative prefix `lepton` for name `birch_wood_wall`, expected `differentiate`. This could be a intended override, but in most cases indicates a broken mod.
[m[32m[17:30:40] [main/INFO] [ne.mi.re.GameData/]: Potentially Dangerous alternative prefix `lepton` for name `dark_oak_wood_wall`, expected `differentiate`. This could be a intended override, but in most cases indicates a broken mod.
[m[32m[17:30:40] [main/INFO] [ne.mi.re.GameData/]: Potentially Dangerous alternative prefix `lepton` for name `jungle_wood_wall`, expected `differentiate`. This could be a intended override, but in most cases indicates a broken mod.
[m[32m[17:30:40] [main/INFO] [ne.mi.re.GameData/]: Potentially Dangerous alternative prefix `lepton` for name `oak_wood_wall`, expected `differentiate`. This could be a intended override, but in most cases indicates a broken mod.
[m[32m[17:30:40] [main/INFO] [ne.mi.re.GameData/]: Potentially Dangerous alternative prefix `lepton` for name `spruce_wood_wall`, expected `differentiate`. This could be a intended override, but in most cases indicates a broken mod.
[m[32m[17:30:40] [main/INFO] [ne.mi.re.GameData/]: Potentially Dangerous alternative prefix `lepton` for name `crimson_hyphae_wall`, expected `differentiate`. This could be a intended override, but in most cases indicates a broken mod.
[m[32m[17:30:40] [main/INFO] [ne.mi.re.GameData/]: Potentially Dangerous alternative prefix `lepton` for name `warped_hyphae_wall`, expected `differentiate`. This could be a intended override, but in most cases indicates a broken mod.
[m[32m[17:30:40] [main/INFO] [ne.mi.re.GameData/]: Potentially Dangerous alternative prefix `lepton` for name `purpur_wall`, expected `differentiate`. This could be a intended override, but in most cases indicates a broken mod.
[m[32m[17:30:40] [main/INFO] [ne.mi.re.GameData/]: Potentially Dangerous alternative prefix `lepton` for name `quartz_wall`, expected `differentiate`. This could be a intended override, but in most cases indicates a broken mod.
[m[32m[17:30:40] [main/INFO] [ne.mi.re.GameData/]: Potentially Dangerous alternative prefix `lepton` for name `smooth_quartz_wall`, expected `differentiate`. This could be a intended override, but in most cases indicates a broken mod.
[m[32m[17:30:40] [main/INFO] [ne.mi.re.GameData/]: Potentially Dangerous alternative prefix `lepton` for name `polished_andesite_wall`, expected `differentiate`. This could be a intended override, but in most cases indicates a broken mod.
[m[32m[17:30:40] [main/INFO] [ne.mi.re.GameData/]: Potentially Dangerous alternative prefix `lepton` for name `polished_diorite_wall`, expected `differentiate`. This could be a intended override, but in most cases indicates a broken mod.
[m[32m[17:30:40] [main/INFO] [ne.mi.re.GameData/]: Potentially Dangerous alternative prefix `lepton` for name `polished_granite_wall`, expected `differentiate`. This could be a intended override, but in most cases indicates a broken mod.
[m[32m[17:30:40] [main/INFO] [ne.mi.re.GameData/]: Potentially Dangerous alternative prefix `lepton` for name `stone_wall`, expected `differentiate`. This could be a intended override, but in most cases indicates a broken mod.
[m[32m[17:30:40] [main/INFO] [ne.mi.re.GameData/]: Potentially Dangerous alternative prefix `lepton` for name `smooth_stone_wall`, expected `differentiate`. This could be a intended override, but in most cases indicates a broken mod.
[m[32m[17:30:40] [main/INFO] [ne.mi.re.GameData/]: Potentially Dangerous alternative prefix `lepton` for name `prismarine_brick_wall`, expected `differentiate`. This could be a intended override, but in most cases indicates a broken mod.
[m[32m[17:30:40] [main/INFO] [ne.mi.re.GameData/]: Potentially Dangerous alternative prefix `lepton` for name `dark_prismarine_wall`, expected `differentiate`. This could be a intended override, but in most cases indicates a broken mod.
[m[32m[17:30:40] [main/INFO] [ne.mi.re.GameData/]: Potentially Dangerous alternative prefix `lepton` for name `cut_sandstone_wall`, expected `differentiate`. This could be a intended override, but in most cases indicates a broken mod.
[m[32m[17:30:40] [main/INFO] [ne.mi.re.GameData/]: Potentially Dangerous alternative prefix `lepton` for name `cut_red_sandstone_wall`, expected `differentiate`. This could be a intended override, but in most cases indicates a broken mod.
[m[32m[17:30:40] [main/INFO] [ne.mi.re.GameData/]: Potentially Dangerous alternative prefix `lepton` for name `smooth_sandstone_wall`, expected `differentiate`. This could be a intended override, but in most cases indicates a broken mod.
[m[32m[17:30:40] [main/INFO] [ne.mi.re.GameData/]: Potentially Dangerous alternative prefix `lepton` for name `smooth_red_sandstone_wall`, expected `differentiate`. This could be a intended override, but in most cases indicates a broken mod.
[m[32m[17:30:40] [main/INFO] [ne.mi.re.GameData/]: Potentially Dangerous alternative prefix `lepton` for name `cracked_stone_brick_wall`, expected `differentiate`. This could be a intended override, but in most cases indicates a broken mod.
[m[32m[17:30:40] [main/INFO] [ne.mi.re.GameData/]: Potentially Dangerous alternative prefix `lepton` for name `quartz_brick_wall`, expected `differentiate`. This could be a intended override, but in most cases indicates a broken mod.
[m[32m[17:30:40] [main/INFO] [ne.mi.re.GameData/]: Potentially Dangerous alternative prefix `lepton` for name `cracked_nether_brick_wall`, expected `differentiate`. This could be a intended override, but in most cases indicates a broken mod.
[m[32m[17:30:40] [main/INFO] [ne.mi.re.GameData/]: Potentially Dangerous alternative prefix `lepton` for name `cracked_polished_blackstone_brick_wall`, expected `differentiate`. This could be a intended override, but in most cases indicates a broken mod.
[m[32m[17:30:40] [main/INFO] [ne.mi.re.GameData/]: Potentially Dangerous alternative prefix `lepton` for name `gilded_blackstone_wall`, expected `differentiate`. This could be a intended override, but in most cases indicates a broken mod.
[m[32m[17:30:40] [main/INFO] [ne.mi.re.GameData/]: Potentially Dangerous alternative prefix `lepton` for name `polished_andesite_button`, expected `differentiate`. This could be a intended override, but in most cases indicates a broken mod.
[m[32m[17:30:40] [main/INFO] [ne.mi.re.GameData/]: Potentially Dangerous alternative prefix `lepton` for name `polished_diorite_button`, expected `differentiate`. This could be a intended override, but in most cases indicates a broken mod.
[m[32m[17:30:40] [main/INFO] [ne.mi.re.GameData/]: Potentially Dangerous alternative prefix `lepton` for name `polished_granite_button`, expected `differentiate`. This could be a intended override, but in most cases indicates a broken mod.
[m[32m[17:30:40] [main/INFO] [ne.mi.re.GameData/]: Potentially Dangerous alternative prefix `lepton` for name `polished_andesite_pressure_plate`, expected `differentiate`. This could be a intended override, but in most cases indicates a broken mod.
[m[32m[17:30:40] [main/INFO] [ne.mi.re.GameData/]: Potentially Dangerous alternative prefix `lepton` for name `polished_diorite_pressure_plate`, expected `differentiate`. This could be a intended override, but in most cases indicates a broken mod.
[m[32m[17:30:40] [main/INFO] [ne.mi.re.GameData/]: Potentially Dangerous alternative prefix `lepton` for name `polished_granite_pressure_plate`, expected `differentiate`. This could be a intended override, but in most cases indicates a broken mod.
[m[32m[17:30:40] [main/INFO] [ne.mi.re.GameData/]: Potentially Dangerous alternative prefix `lepton` for name `cracked_soul_sandstone`, expected `differentiate`. This could be a intended override, but in most cases indicates a broken mod.
[m[32m[17:30:40] [main/INFO] [ne.mi.re.GameData/]: Potentially Dangerous alternative prefix `lepton` for name `cracked_soul_sandstone_slab`, expected `differentiate`. This could be a intended override, but in most cases indicates a broken mod.
[m[32m[17:30:40] [main/INFO] [ne.mi.re.GameData/]: Potentially Dangerous alternative prefix `lepton` for name `cracked_soul_sandstone_stairs`, expected `differentiate`. This could be a intended override, but in most cases indicates a broken mod.
[m[32m[17:30:40] [main/INFO] [ne.mi.re.GameData/]: Potentially Dangerous alternative prefix `lepton` for name `cracked_soul_sandstone_wall`, expected `differentiate`. This could be a intended override, but in most cases indicates a broken mod.
[m[32m[17:30:40] [main/INFO] [ne.mi.re.GameData/]: Potentially Dangerous alternative prefix `lepton` for name `biotite_brick_slab`, expected `differentiate`. This could be a intended override, but in most cases indicates a broken mod.
[m[32m[17:30:40] [main/INFO] [ne.mi.re.GameData/]: Potentially Dangerous alternative prefix `lepton` for name `cut_soul_sandstone_stairs`, expected `differentiate`. This could be a intended override, but in most cases indicates a broken mod.
[m[32m[17:30:40] [main/INFO] [ne.mi.re.GameData/]: Potentially Dangerous alternative prefix `lepton` for name `biotite_brick_stairs`, expected `differentiate`. This could be a intended override, but in most cases indicates a broken mod.
[m[32m[17:30:40] [main/INFO] [ne.mi.re.GameData/]: Potentially Dangerous alternative prefix `lepton` for name `midori_wall`, expected `differentiate`. This could be a intended override, but in most cases indicates a broken mod.
[m[32m[17:30:40] [main/INFO] [ne.mi.re.GameData/]: Potentially Dangerous alternative prefix `lepton` for name `biotite_wall`, expected `differentiate`. This could be a intended override, but in most cases indicates a broken mod.
[m[32m[17:30:40] [main/INFO] [ne.mi.re.GameData/]: Potentially Dangerous alternative prefix `lepton` for name `smooth_biotite_wall`, expected `differentiate`. This could be a intended override, but in most cases indicates a broken mod.
[m[32m[17:30:40] [main/INFO] [ne.mi.re.GameData/]: Potentially Dangerous alternative prefix `lepton` for name `polished_marble_wall`, expected `differentiate`. This could be a intended override, but in most cases indicates a broken mod.
[m[32m[17:30:40] [main/INFO] [ne.mi.re.GameData/]: Potentially Dangerous alternative prefix `lepton` for name `polished_limestone_wall`, expected `differentiate`. This could be a intended override, but in most cases indicates a broken mod.
[m[32m[17:30:40] [main/INFO] [ne.mi.re.GameData/]: Potentially Dangerous alternative prefix `lepton` for name `polished_jasper_wall`, expected `differentiate`. This could be a intended override, but in most cases indicates a broken mod.
[m[32m[17:30:40] [main/INFO] [ne.mi.re.GameData/]: Potentially Dangerous alternative prefix `lepton` for name `polished_slate_wall`, expected `differentiate`. This could be a intended override, but in most cases indicates a broken mod.
[m[32m[17:30:40] [main/INFO] [ne.mi.re.GameData/]: Potentially Dangerous alternative prefix `lepton` for name `polished_voidstone_wall`, expected `differentiate`. This could be a intended override, but in most cases indicates a broken mod.
[m[32m[17:30:40] [main/INFO] [ne.mi.re.GameData/]: Potentially Dangerous alternative prefix `lepton` for name `polished_myalite_wall`, expected `differentiate`. This could be a intended override, but in most cases indicates a broken mod.
[m[32m[17:30:40] [main/INFO] [ne.mi.re.GameData/]: Potentially Dangerous alternative prefix `lepton` for name `elder_prismarine_brick_wall`, expected `differentiate`. This could be a intended override, but in most cases indicates a broken mod.
[m[32m[17:30:40] [main/INFO] [ne.mi.re.GameData/]: Potentially Dangerous alternative prefix `lepton` for name `dark_elder_prismarine_wall`, expected `differentiate`. This could be a intended override, but in most cases indicates a broken mod.
[m[32m[17:30:40] [main/INFO] [ne.mi.re.GameData/]: Potentially Dangerous alternative prefix `lepton` for name `cut_soul_sandstone_wall`, expected `differentiate`. This could be a intended override, but in most cases indicates a broken mod.
[m[32m[17:30:40] [main/INFO] [ne.mi.re.GameData/]: Potentially Dangerous alternative prefix `lepton` for name `smooth_soul_sandstone_wall`, expected `differentiate`. This could be a intended override, but in most cases indicates a broken mod.
[m[32m[17:30:40] [main/INFO] [ne.mi.re.GameData/]: Potentially Dangerous alternative prefix `lepton` for name `biotite_brick_wall`, expected `differentiate`. This could be a intended override, but in most cases indicates a broken mod.
[m[32m[17:30:40] [main/INFO] [ne.mi.re.GameData/]: Potentially Dangerous alternative prefix `lepton` for name `cracked_sandstone_vertical_slab`, expected `differentiate`. This could be a intended override, but in most cases indicates a broken mod.
[m[32m[17:30:40] [main/INFO] [ne.mi.re.GameData/]: Potentially Dangerous alternative prefix `lepton` for name `cracked_red_sandstone_vertical_slab`, expected `differentiate`. This could be a intended override, but in most cases indicates a broken mod.
[m[32m[17:30:40] [main/INFO] [ne.mi.re.GameData/]: Potentially Dangerous alternative prefix `lepton` for name `cracked_soul_sandstone_vertical_slab`, expected `differentiate`. This could be a intended override, but in most cases indicates a broken mod.
[m[32m[17:30:40] [main/INFO] [ne.mi.re.GameData/]: Potentially Dangerous alternative prefix `lepton` for name `stripped_acacia_wood_vertical_slab`, expected `differentiate`. This could be a intended override, but in most cases indicates a broken mod.
[m[32m[17:30:40] [main/INFO] [ne.mi.re.GameData/]: Potentially Dangerous alternative prefix `lepton` for name `stripped_birch_wood_vertical_slab`, expected `differentiate`. This could be a intended override, but in most cases indicates a broken mod.
[m[32m[17:30:40] [main/INFO] [ne.mi.re.GameData/]: Potentially Dangerous alternative prefix `lepton` for name `stripped_dark_oak_wood_vertical_slab`, expected `differentiate`. This could be a intended override, but in most cases indicates a broken mod.
[m[32m[17:30:40] [main/INFO] [ne.mi.re.GameData/]: Potentially Dangerous alternative prefix `lepton` for name `stripped_jungle_wood_vertical_slab`, expected `differentiate`. This could be a intended override, but in most cases indicates a broken mod.
[m[32m[17:30:40] [main/INFO] [ne.mi.re.GameData/]: Potentially Dangerous alternative prefix `lepton` for name `stripped_oak_wood_vertical_slab`, expected `differentiate`. This could be a intended override, but in most cases indicates a broken mod.
[m[32m[17:30:40] [main/INFO] [ne.mi.re.GameData/]: Potentially Dangerous alternative prefix `lepton` for name `stripped_spruce_wood_vertical_slab`, expected `differentiate`. This could be a intended override, but in most cases indicates a broken mod.
[m[32m[17:30:40] [main/INFO] [ne.mi.re.GameData/]: Potentially Dangerous alternative prefix `lepton` for name `stripped_crimson_hyphae_vertical_slab`, expected `differentiate`. This could be a intended override, but in most cases indicates a broken mod.
[m[32m[17:30:40] [main/INFO] [ne.mi.re.GameData/]: Potentially Dangerous alternative prefix `lepton` for name `stripped_warped_hyphae_vertical_slab`, expected `differentiate`. This could be a intended override, but in most cases indicates a broken mod.
[m[32m[17:30:40] [main/INFO] [ne.mi.re.GameData/]: Potentially Dangerous alternative prefix `lepton` for name `acacia_wood_vertical_slab`, expected `differentiate`. This could be a intended override, but in most cases indicates a broken mod.
[m[32m[17:30:40] [main/INFO] [ne.mi.re.GameData/]: Potentially Dangerous alternative prefix `lepton` for name `birch_wood_vertical_slab`, expected `differentiate`. This could be a intended override, but in most cases indicates a broken mod.
[m[32m[17:30:40] [main/INFO] [ne.mi.re.GameData/]: Potentially Dangerous alternative prefix `lepton` for name `dark_oak_wood_vertical_slab`, expected `differentiate`. This could be a intended override, but in most cases indicates a broken mod.
[m[32m[17:30:40] [main/INFO] [ne.mi.re.GameData/]: Potentially Dangerous alternative prefix `lepton` for name `jungle_wood_vertical_slab`, expected `differentiate`. This could be a intended override, but in most cases indicates a broken mod.
[m[32m[17:30:40] [main/INFO] [ne.mi.re.GameData/]: Potentially Dangerous alternative prefix `lepton` for name `oak_wood_vertical_slab`, expected `differentiate`. This could be a intended override, but in most cases indicates a broken mod.
[m[32m[17:30:40] [main/INFO] [ne.mi.re.GameData/]: Potentially Dangerous alternative prefix `lepton` for name `spruce_wood_vertical_slab`, expected `differentiate`. This could be a intended override, but in most cases indicates a broken mod.
[m[32m[17:30:40] [main/INFO] [ne.mi.re.GameData/]: Potentially Dangerous alternative prefix `lepton` for name `crimson_hyphae_vertical_slab`, expected `differentiate`. This could be a intended override, but in most cases indicates a broken mod.
[m[32m[17:30:40] [main/INFO] [ne.mi.re.GameData/]: Potentially Dangerous alternative prefix `lepton` for name `warped_hyphae_vertical_slab`, expected `differentiate`. This could be a intended override, but in most cases indicates a broken mod.
[m[32m[17:30:40] [main/INFO] [ne.mi.re.GameData/]: Potentially Dangerous alternative prefix `lepton` for name `cracked_stone_brick_vertical_slab`, expected `differentiate`. This could be a intended override, but in most cases indicates a broken mod.
[m[32m[17:30:40] [main/INFO] [ne.mi.re.GameData/]: Potentially Dangerous alternative prefix `lepton` for name `quartz_brick_vertical_slab`, expected `differentiate`. This could be a intended override, but in most cases indicates a broken mod.
[m[32m[17:30:40] [main/INFO] [ne.mi.re.GameData/]: Potentially Dangerous alternative prefix `lepton` for name `cracked_nether_brick_vertical_slab`, expected `differentiate`. This could be a intended override, but in most cases indicates a broken mod.
[m[32m[17:30:40] [main/INFO] [ne.mi.re.GameData/]: Potentially Dangerous alternative prefix `lepton` for name `cracked_polished_blackstone_brick_vertical_slab`, expected `differentiate`. This could be a intended override, but in most cases indicates a broken mod.
[m[32m[17:30:40] [main/INFO] [ne.mi.re.GameData/]: Potentially Dangerous alternative prefix `lepton` for name `gilded_blackstone_vertical_slab`, expected `differentiate`. This could be a intended override, but in most cases indicates a broken mod.
[m[32m[17:30:40] [main/INFO] [ne.mi.re.GameData/]: Potentially Dangerous alternative prefix `lepton` for name `biotite_brick_vertical_slab`, expected `differentiate`. This could be a intended override, but in most cases indicates a broken mod.
[m[32m[17:30:40] [main/INFO] [ne.mi.re.GameData/]: Potentially Dangerous alternative prefix `lepton` for name `polished_marble_button`, expected `differentiate`. This could be a intended override, but in most cases indicates a broken mod.
[m[32m[17:30:40] [main/INFO] [ne.mi.re.GameData/]: Potentially Dangerous alternative prefix `lepton` for name `polished_limestone_button`, expected `differentiate`. This could be a intended override, but in most cases indicates a broken mod.
[m[32m[17:30:40] [main/INFO] [ne.mi.re.GameData/]: Potentially Dangerous alternative prefix `lepton` for name `polished_jasper_button`, expected `differentiate`. This could be a intended override, but in most cases indicates a broken mod.
[m[32m[17:30:40] [main/INFO] [ne.mi.re.GameData/]: Potentially Dangerous alternative prefix `lepton` for name `polished_slate_button`, expected `differentiate`. This could be a intended override, but in most cases indicates a broken mod.
[m[32m[17:30:40] [main/INFO] [ne.mi.re.GameData/]: Potentially Dangerous alternative prefix `lepton` for name `polished_voidstone_button`, expected `differentiate`. This could be a intended override, but in most cases indicates a broken mod.
[m[32m[17:30:40] [main/INFO] [ne.mi.re.GameData/]: Potentially Dangerous alternative prefix `lepton` for name `polished_myalite_button`, expected `differentiate`. This could be a intended override, but in most cases indicates a broken mod.
[m[32m[17:30:40] [main/INFO] [ne.mi.re.GameData/]: Potentially Dangerous alternative prefix `lepton` for name `polished_marble_pressure_plate`, expected `differentiate`. This could be a intended override, but in most cases indicates a broken mod.
[m[32m[17:30:40] [main/INFO] [ne.mi.re.GameData/]: Potentially Dangerous alternative prefix `lepton` for name `polished_limestone_pressure_plate`, expected `differentiate`. This could be a intended override, but in most cases indicates a broken mod.
[m[32m[17:30:40] [main/INFO] [ne.mi.re.GameData/]: Potentially Dangerous alternative prefix `lepton` for name `polished_jasper_pressure_plate`, expected `differentiate`. This could be a intended override, but in most cases indicates a broken mod.
[m[32m[17:30:40] [main/INFO] [ne.mi.re.GameData/]: Potentially Dangerous alternative prefix `lepton` for name `polished_slate_pressure_plate`, expected `differentiate`. This could be a intended override, but in most cases indicates a broken mod.
[m[32m[17:30:40] [main/INFO] [ne.mi.re.GameData/]: Potentially Dangerous alternative prefix `lepton` for name `polished_voidstone_pressure_plate`, expected `differentiate`. This could be a intended override, but in most cases indicates a broken mod.
[m[32m[17:30:40] [main/INFO] [ne.mi.re.GameData/]: Potentially Dangerous alternative prefix `lepton` for name `polished_myalite_pressure_plate`, expected `differentiate`. This could be a intended override, but in most cases indicates a broken mod.
[m[32m[17:30:40] [main/INFO] [ne.mi.re.GameData/]: Potentially Dangerous alternative prefix `lepton` for name `cracked_arid_sandstone`, expected `differentiate`. This could be a intended override, but in most cases indicates a broken mod.
[m[32m[17:30:40] [main/INFO] [ne.mi.re.GameData/]: Potentially Dangerous alternative prefix `lepton` for name `cracked_arid_sandstone_slab`, expected `differentiate`. This could be a intended override, but in most cases indicates a broken mod.
[m[32m[17:30:40] [main/INFO] [ne.mi.re.GameData/]: Potentially Dangerous alternative prefix `lepton` for name `cracked_arid_sandstone_stairs`, expected `differentiate`. This could be a intended override, but in most cases indicates a broken mod.
[m[32m[17:30:40] [main/INFO] [ne.mi.re.GameData/]: Potentially Dangerous alternative prefix `lepton` for name `cracked_arid_sandstone_wall`, expected `differentiate`. This could be a intended override, but in most cases indicates a broken mod.
[m[32m[17:30:40] [main/INFO] [ne.mi.re.GameData/]: Potentially Dangerous alternative prefix `lepton` for name `cracked_arid_sandstone_vertical_slab`, expected `differentiate`. This could be a intended override, but in most cases indicates a broken mod.
[m[32m[17:30:40] [main/INFO] [ne.mi.re.GameData/]: Potentially Dangerous alternative prefix `lepton` for name `cracked_red_arid_sandstone`, expected `differentiate`. This could be a intended override, but in most cases indicates a broken mod.
[m[32m[17:30:40] [main/INFO] [ne.mi.re.GameData/]: Potentially Dangerous alternative prefix `lepton` for name `cracked_red_arid_sandstone_slab`, expected `differentiate`. This could be a intended override, but in most cases indicates a broken mod.
[m[32m[17:30:40] [main/INFO] [ne.mi.re.GameData/]: Potentially Dangerous alternative prefix `lepton` for name `cracked_red_arid_sandstone_stairs`, expected `differentiate`. This could be a intended override, but in most cases indicates a broken mod.
[m[32m[17:30:40] [main/INFO] [ne.mi.re.GameData/]: Potentially Dangerous alternative prefix `lepton` for name `cracked_red_arid_sandstone_wall`, expected `differentiate`. This could be a intended override, but in most cases indicates a broken mod.
[m[32m[17:30:40] [main/INFO] [ne.mi.re.GameData/]: Potentially Dangerous alternative prefix `lepton` for name `cracked_red_arid_sandstone_vertical_slab`, expected `differentiate`. This could be a intended override, but in most cases indicates a broken mod.
[m[32m[17:30:40] [main/INFO] [ne.mi.re.GameData/]: Potentially Dangerous alternative prefix `lepton` for name `cut_arid_sandstone_stairs`, expected `differentiate`. This could be a intended override, but in most cases indicates a broken mod.
[m[32m[17:30:40] [main/INFO] [ne.mi.re.GameData/]: Potentially Dangerous alternative prefix `lepton` for name `cut_red_arid_sandstone_stairs`, expected `differentiate`. This could be a intended override, but in most cases indicates a broken mod.
[m[32m[17:30:40] [main/INFO] [ne.mi.re.GameData/]: Potentially Dangerous alternative prefix `lepton` for name `cut_arid_sandstone_wall`, expected `differentiate`. This could be a intended override, but in most cases indicates a broken mod.
[m[32m[17:30:40] [main/INFO] [ne.mi.re.GameData/]: Potentially Dangerous alternative prefix `lepton` for name `cut_red_arid_sandstone_wall`, expected `differentiate`. This could be a intended override, but in most cases indicates a broken mod.
[m[32m[17:30:40] [main/INFO] [ne.mi.re.GameData/]: Potentially Dangerous alternative prefix `lepton` for name `smooth_arid_sandstone_wall`, expected `differentiate`. This could be a intended override, but in most cases indicates a broken mod.
[m[32m[17:30:40] [main/INFO] [ne.mi.re.GameData/]: Potentially Dangerous alternative prefix `lepton` for name `smooth_red_arid_sandstone_wall`, expected `differentiate`. This could be a intended override, but in most cases indicates a broken mod.
[m[32m[17:30:40] [main/INFO] [ne.mi.re.GameData/]: Potentially Dangerous alternative prefix `lepton` for name `stripped_rosewood_slab`, expected `differentiate`. This could be a intended override, but in most cases indicates a broken mod.
[m[32m[17:30:40] [main/INFO] [ne.mi.re.GameData/]: Potentially Dangerous alternative prefix `lepton` for name `stripped_rosewood_stairs`, expected `differentiate`. This could be a intended override, but in most cases indicates a broken mod.
[m[32m[17:30:40] [main/INFO] [ne.mi.re.GameData/]: Potentially Dangerous alternative prefix `lepton` for name `stripped_rosewood_wall`, expected `differentiate`. This could be a intended override, but in most cases indicates a broken mod.
[m[32m[17:30:40] [main/INFO] [ne.mi.re.GameData/]: Potentially Dangerous alternative prefix `lepton` for name `stripped_rosewood_vertical_slab`, expected `differentiate`. This could be a intended override, but in most cases indicates a broken mod.
[m[32m[17:30:40] [main/INFO] [ne.mi.re.GameData/]: Potentially Dangerous alternative prefix `lepton` for name `rosewood_slab`, expected `differentiate`. This could be a intended override, but in most cases indicates a broken mod.
[m[32m[17:30:40] [main/INFO] [ne.mi.re.GameData/]: Potentially Dangerous alternative prefix `lepton` for name `rosewood_stairs`, expected `differentiate`. This could be a intended override, but in most cases indicates a broken mod.
[m[32m[17:30:40] [main/INFO] [ne.mi.re.GameData/]: Potentially Dangerous alternative prefix `lepton` for name `rosewood_wall`, expected `differentiate`. This could be a intended override, but in most cases indicates a broken mod.
[m[32m[17:30:40] [main/INFO] [ne.mi.re.GameData/]: Potentially Dangerous alternative prefix `lepton` for name `rosewood_vertical_slab`, expected `differentiate`. This could be a intended override, but in most cases indicates a broken mod.
[m[32m[17:30:40] [main/INFO] [ne.mi.re.GameData/]: Potentially Dangerous alternative prefix `lepton` for name `stripped_morado_wood_slab`, expected `differentiate`. This could be a intended override, but in most cases indicates a broken mod.
[m[32m[17:30:40] [main/INFO] [ne.mi.re.GameData/]: Potentially Dangerous alternative prefix `lepton` for name `stripped_morado_wood_stairs`, expected `differentiate`. This could be a intended override, but in most cases indicates a broken mod.
[m[32m[17:30:40] [main/INFO] [ne.mi.re.GameData/]: Potentially Dangerous alternative prefix `lepton` for name `stripped_morado_wood_wall`, expected `differentiate`. This could be a intended override, but in most cases indicates a broken mod.
[m[32m[17:30:40] [main/INFO] [ne.mi.re.GameData/]: Potentially Dangerous alternative prefix `lepton` for name `stripped_morado_wood_vertical_slab`, expected `differentiate`. This could be a intended override, but in most cases indicates a broken mod.
[m[32m[17:30:40] [main/INFO] [ne.mi.re.GameData/]: Potentially Dangerous alternative prefix `lepton` for name `morado_wood_slab`, expected `differentiate`. This could be a intended override, but in most cases indicates a broken mod.
[m[32m[17:30:40] [main/INFO] [ne.mi.re.GameData/]: Potentially Dangerous alternative prefix `lepton` for name `morado_wood_stairs`, expected `differentiate`. This could be a intended override, but in most cases indicates a broken mod.
[m[32m[17:30:40] [main/INFO] [ne.mi.re.GameData/]: Potentially Dangerous alternative prefix `lepton` for name `morado_wood_wall`, expected `differentiate`. This could be a intended override, but in most cases indicates a broken mod.
[m[32m[17:30:40] [main/INFO] [ne.mi.re.GameData/]: Potentially Dangerous alternative prefix `lepton` for name `morado_wood_vertical_slab`, expected `differentiate`. This could be a intended override, but in most cases indicates a broken mod.
[m[32m[17:30:40] [main/INFO] [ne.mi.re.GameData/]: Potentially Dangerous alternative prefix `lepton` for name `stripped_yucca_wood_slab`, expected `differentiate`. This could be a intended override, but in most cases indicates a broken mod.
[m[32m[17:30:40] [main/INFO] [ne.mi.re.GameData/]: Potentially Dangerous alternative prefix `lepton` for name `stripped_yucca_wood_stairs`, expected `differentiate`. This could be a intended override, but in most cases indicates a broken mod.
[m[32m[17:30:40] [main/INFO] [ne.mi.re.GameData/]: Potentially Dangerous alternative prefix `lepton` for name `stripped_yucca_wood_wall`, expected `differentiate`. This could be a intended override, but in most cases indicates a broken mod.
[m[32m[17:30:40] [main/INFO] [ne.mi.re.GameData/]: Potentially Dangerous alternative prefix `lepton` for name `stripped_yucca_wood_vertical_slab`, expected `differentiate`. This could be a intended override, but in most cases indicates a broken mod.
[m[32m[17:30:40] [main/INFO] [ne.mi.re.GameData/]: Potentially Dangerous alternative prefix `lepton` for name `yucca_wood_slab`, expected `differentiate`. This could be a intended override, but in most cases indicates a broken mod.
[m[32m[17:30:40] [main/INFO] [ne.mi.re.GameData/]: Potentially Dangerous alternative prefix `lepton` for name `yucca_wood_stairs`, expected `differentiate`. This could be a intended override, but in most cases indicates a broken mod.
[m[32m[17:30:40] [main/INFO] [ne.mi.re.GameData/]: Potentially Dangerous alternative prefix `lepton` for name `yucca_wood_wall`, expected `differentiate`. This could be a intended override, but in most cases indicates a broken mod.
[m[32m[17:30:40] [main/INFO] [ne.mi.re.GameData/]: Potentially Dangerous alternative prefix `lepton` for name `yucca_wood_vertical_slab`, expected `differentiate`. This could be a intended override, but in most cases indicates a broken mod.
[m[32m[17:30:40] [main/INFO] [ne.mi.re.GameData/]: Potentially Dangerous alternative prefix `lepton` for name `stripped_kousa_wood_slab`, expected `differentiate`. This could be a intended override, but in most cases indicates a broken mod.
[m[32m[17:30:40] [main/INFO] [ne.mi.re.GameData/]: Potentially Dangerous alternative prefix `lepton` for name `stripped_kousa_wood_stairs`, expected `differentiate`. This could be a intended override, but in most cases indicates a broken mod.
[m[32m[17:30:40] [main/INFO] [ne.mi.re.GameData/]: Potentially Dangerous alternative prefix `lepton` for name `stripped_kousa_wood_wall`, expected `differentiate`. This could be a intended override, but in most cases indicates a broken mod.
[m[32m[17:30:40] [main/INFO] [ne.mi.re.GameData/]: Potentially Dangerous alternative prefix `lepton` for name `stripped_kousa_wood_vertical_slab`, expected `differentiate`. This could be a intended override, but in most cases indicates a broken mod.
[m[32m[17:30:40] [main/INFO] [ne.mi.re.GameData/]: Potentially Dangerous alternative prefix `lepton` for name `kousa_wood_slab`, expected `differentiate`. This could be a intended override, but in most cases indicates a broken mod.
[m[32m[17:30:40] [main/INFO] [ne.mi.re.GameData/]: Potentially Dangerous alternative prefix `lepton` for name `kousa_wood_stairs`, expected `differentiate`. This could be a intended override, but in most cases indicates a broken mod.
[m[32m[17:30:40] [main/INFO] [ne.mi.re.GameData/]: Potentially Dangerous alternative prefix `lepton` for name `kousa_wood_wall`, expected `differentiate`. This could be a intended override, but in most cases indicates a broken mod.
[m[32m[17:30:40] [main/INFO] [ne.mi.re.GameData/]: Potentially Dangerous alternative prefix `lepton` for name `kousa_wood_vertical_slab`, expected `differentiate`. This could be a intended override, but in most cases indicates a broken mod.
[m[32m[17:30:40] [main/INFO] [ne.mi.re.GameData/]: Potentially Dangerous alternative prefix `lepton` for name `stripped_aspen_wood_slab`, expected `differentiate`. This could be a intended override, but in most cases indicates a broken mod.
[m[32m[17:30:40] [main/INFO] [ne.mi.re.GameData/]: Potentially Dangerous alternative prefix `lepton` for name `stripped_aspen_wood_stairs`, expected `differentiate`. This could be a intended override, but in most cases indicates a broken mod.
[m[32m[17:30:40] [main/INFO] [ne.mi.re.GameData/]: Potentially Dangerous alternative prefix `lepton` for name `stripped_aspen_wood_wall`, expected `differentiate`. This could be a intended override, but in most cases indicates a broken mod.
[m[32m[17:30:40] [main/INFO] [ne.mi.re.GameData/]: Potentially Dangerous alternative prefix `lepton` for name `stripped_aspen_wood_vertical_slab`, expected `differentiate`. This could be a intended override, but in most cases indicates a broken mod.
[m[32m[17:30:40] [main/INFO] [ne.mi.re.GameData/]: Potentially Dangerous alternative prefix `lepton` for name `aspen_wood_slab`, expected `differentiate`. This could be a intended override, but in most cases indicates a broken mod.
[m[32m[17:30:40] [main/INFO] [ne.mi.re.GameData/]: Potentially Dangerous alternative prefix `lepton` for name `aspen_wood_stairs`, expected `differentiate`. This could be a intended override, but in most cases indicates a broken mod.
[m[32m[17:30:40] [main/INFO] [ne.mi.re.GameData/]: Potentially Dangerous alternative prefix `lepton` for name `aspen_wood_wall`, expected `differentiate`. This could be a intended override, but in most cases indicates a broken mod.
[m[32m[17:30:40] [main/INFO] [ne.mi.re.GameData/]: Potentially Dangerous alternative prefix `lepton` for name `aspen_wood_vertical_slab`, expected `differentiate`. This could be a intended override, but in most cases indicates a broken mod.
[m[32m[17:30:40] [main/INFO] [ne.mi.re.GameData/]: Potentially Dangerous alternative prefix `lepton` for name `stripped_grimwood_slab`, expected `differentiate`. This could be a intended override, but in most cases indicates a broken mod.
[m[32m[17:30:40] [main/INFO] [ne.mi.re.GameData/]: Potentially Dangerous alternative prefix `lepton` for name `stripped_grimwood_stairs`, expected `differentiate`. This could be a intended override, but in most cases indicates a broken mod.
[m[32m[17:30:40] [main/INFO] [ne.mi.re.GameData/]: Potentially Dangerous alternative prefix `lepton` for name `stripped_grimwood_wall`, expected `differentiate`. This could be a intended override, but in most cases indicates a broken mod.
[m[32m[17:30:40] [main/INFO] [ne.mi.re.GameData/]: Potentially Dangerous alternative prefix `lepton` for name `stripped_grimwood_vertical_slab`, expected `differentiate`. This could be a intended override, but in most cases indicates a broken mod.
[m[32m[17:30:40] [main/INFO] [ne.mi.re.GameData/]: Potentially Dangerous alternative prefix `lepton` for name `grimwood_slab`, expected `differentiate`. This could be a intended override, but in most cases indicates a broken mod.
[m[32m[17:30:40] [main/INFO] [ne.mi.re.GameData/]: Potentially Dangerous alternative prefix `lepton` for name `grimwood_stairs`, expected `differentiate`. This could be a intended override, but in most cases indicates a broken mod.
[m[32m[17:30:40] [main/INFO] [ne.mi.re.GameData/]: Potentially Dangerous alternative prefix `lepton` for name `grimwood_wall`, expected `differentiate`. This could be a intended override, but in most cases indicates a broken mod.
[m[32m[17:30:40] [main/INFO] [ne.mi.re.GameData/]: Potentially Dangerous alternative prefix `lepton` for name `grimwood_vertical_slab`, expected `differentiate`. This could be a intended override, but in most cases indicates a broken mod.
[m[32m[17:30:40] [main/INFO] [ne.mi.re.GameData/]: Potentially Dangerous alternative prefix `lepton` for name `stripped_maple_wood_slab`, expected `differentiate`. This could be a intended override, but in most cases indicates a broken mod.
[m[32m[17:30:40] [main/INFO] [ne.mi.re.GameData/]: Potentially Dangerous alternative prefix `lepton` for name `stripped_maple_wood_stairs`, expected `differentiate`. This could be a intended override, but in most cases indicates a broken mod.
[m[32m[17:30:40] [main/INFO] [ne.mi.re.GameData/]: Potentially Dangerous alternative prefix `lepton` for name `stripped_maple_wood_wall`, expected `differentiate`. This could be a intended override, but in most cases indicates a broken mod.
[m[32m[17:30:40] [main/INFO] [ne.mi.re.GameData/]: Potentially Dangerous alternative prefix `lepton` for name `stripped_maple_wood_vertical_slab`, expected `differentiate`. This could be a intended override, but in most cases indicates a broken mod.
[m[32m[17:30:40] [main/INFO] [ne.mi.re.GameData/]: Potentially Dangerous alternative prefix `lepton` for name `maple_wood_slab`, expected `differentiate`. This could be a intended override, but in most cases indicates a broken mod.
[m[32m[17:30:40] [main/INFO] [ne.mi.re.GameData/]: Potentially Dangerous alternative prefix `lepton` for name `maple_wood_stairs`, expected `differentiate`. This could be a intended override, but in most cases indicates a broken mod.
[m[32m[17:30:40] [main/INFO] [ne.mi.re.GameData/]: Potentially Dangerous alternative prefix `lepton` for name `maple_wood_wall`, expected `differentiate`. This could be a intended override, but in most cases indicates a broken mod.
[m[32m[17:30:40] [main/INFO] [ne.mi.re.GameData/]: Potentially Dangerous alternative prefix `lepton` for name `maple_wood_vertical_slab`, expected `differentiate`. This could be a intended override, but in most cases indicates a broken mod.
[m[32m[17:30:40] [main/INFO] [ne.mi.re.GameData/]: Potentially Dangerous alternative prefix `lepton` for name `stripped_poise_wood_slab`, expected `differentiate`. This could be a intended override, but in most cases indicates a broken mod.
[m[32m[17:30:40] [main/INFO] [ne.mi.re.GameData/]: Potentially Dangerous alternative prefix `lepton` for name `stripped_poise_wood_stairs`, expected `differentiate`. This could be a intended override, but in most cases indicates a broken mod.
[m[32m[17:30:40] [main/INFO] [ne.mi.re.GameData/]: Potentially Dangerous alternative prefix `lepton` for name `stripped_poise_wood_wall`, expected `differentiate`. This could be a intended override, but in most cases indicates a broken mod.
[m[32m[17:30:40] [main/INFO] [ne.mi.re.GameData/]: Potentially Dangerous alternative prefix `lepton` for name `stripped_poise_wood_vertical_slab`, expected `differentiate`. This could be a intended override, but in most cases indicates a broken mod.
[m[32m[17:30:40] [main/INFO] [ne.mi.re.GameData/]: Potentially Dangerous alternative prefix `lepton` for name `poise_wood_slab`, expected `differentiate`. This could be a intended override, but in most cases indicates a broken mod.
[m[32m[17:30:40] [main/INFO] [ne.mi.re.GameData/]: Potentially Dangerous alternative prefix `lepton` for name `poise_wood_stairs`, expected `differentiate`. This could be a intended override, but in most cases indicates a broken mod.
[m[32m[17:30:40] [main/INFO] [ne.mi.re.GameData/]: Potentially Dangerous alternative prefix `lepton` for name `poise_wood_wall`, expected `differentiate`. This could be a intended override, but in most cases indicates a broken mod.
[m[32m[17:30:40] [main/INFO] [ne.mi.re.GameData/]: Potentially Dangerous alternative prefix `lepton` for name `poise_wood_vertical_slab`, expected `differentiate`. This could be a intended override, but in most cases indicates a broken mod.
[m[32m[17:30:40] [main/INFO] [ne.mi.re.GameData/]: Potentially Dangerous alternative prefix `lepton` for name `stripped_driftwood_slab`, expected `differentiate`. This could be a intended override, but in most cases indicates a broken mod.
[m[32m[17:30:40] [main/INFO] [ne.mi.re.GameData/]: Potentially Dangerous alternative prefix `lepton` for name `stripped_driftwood_stairs`, expected `differentiate`. This could be a intended override, but in most cases indicates a broken mod.
[m[32m[17:30:40] [main/INFO] [ne.mi.re.GameData/]: Potentially Dangerous alternative prefix `lepton` for name `stripped_driftwood_wall`, expected `differentiate`. This could be a intended override, but in most cases indicates a broken mod.
[m[32m[17:30:40] [main/INFO] [ne.mi.re.GameData/]: Potentially Dangerous alternative prefix `lepton` for name `stripped_driftwood_vertical_slab`, expected `differentiate`. This could be a intended override, but in most cases indicates a broken mod.
[m[32m[17:30:40] [main/INFO] [ne.mi.re.GameData/]: Potentially Dangerous alternative prefix `lepton` for name `driftwood_slab`, expected `differentiate`. This could be a intended override, but in most cases indicates a broken mod.
[m[32m[17:30:40] [main/INFO] [ne.mi.re.GameData/]: Potentially Dangerous alternative prefix `lepton` for name `driftwood_stairs`, expected `differentiate`. This could be a intended override, but in most cases indicates a broken mod.
[m[32m[17:30:40] [main/INFO] [ne.mi.re.GameData/]: Potentially Dangerous alternative prefix `lepton` for name `driftwood_wall`, expected `differentiate`. This could be a intended override, but in most cases indicates a broken mod.
[m[32m[17:30:40] [main/INFO] [ne.mi.re.GameData/]: Potentially Dangerous alternative prefix `lepton` for name `driftwood_vertical_slab`, expected `differentiate`. This could be a intended override, but in most cases indicates a broken mod.
[m[32m[17:30:40] [main/INFO] [ne.mi.re.GameData/]: Potentially Dangerous alternative prefix `lepton` for name `stripped_river_wood_slab`, expected `differentiate`. This could be a intended override, but in most cases indicates a broken mod.
[m[32m[17:30:40] [main/INFO] [ne.mi.re.GameData/]: Potentially Dangerous alternative prefix `lepton` for name `stripped_river_wood_stairs`, expected `differentiate`. This could be a intended override, but in most cases indicates a broken mod.
[m[32m[17:30:40] [main/INFO] [ne.mi.re.GameData/]: Potentially Dangerous alternative prefix `lepton` for name `stripped_river_wood_wall`, expected `differentiate`. This could be a intended override, but in most cases indicates a broken mod.
[m[32m[17:30:40] [main/INFO] [ne.mi.re.GameData/]: Potentially Dangerous alternative prefix `lepton` for name `stripped_river_wood_vertical_slab`, expected `differentiate`. This could be a intended override, but in most cases indicates a broken mod.
[m[32m[17:30:40] [main/INFO] [ne.mi.re.GameData/]: Potentially Dangerous alternative prefix `lepton` for name `river_wood_slab`, expected `differentiate`. This could be a intended override, but in most cases indicates a broken mod.
[m[32m[17:30:40] [main/INFO] [ne.mi.re.GameData/]: Potentially Dangerous alternative prefix `lepton` for name `river_wood_stairs`, expected `differentiate`. This could be a intended override, but in most cases indicates a broken mod.
[m[32m[17:30:40] [main/INFO] [ne.mi.re.GameData/]: Potentially Dangerous alternative prefix `lepton` for name `river_wood_wall`, expected `differentiate`. This could be a intended override, but in most cases indicates a broken mod.
[m[32m[17:30:40] [main/INFO] [ne.mi.re.GameData/]: Potentially Dangerous alternative prefix `lepton` for name `river_wood_vertical_slab`, expected `differentiate`. This could be a intended override, but in most cases indicates a broken mod.
[m[32m[17:30:40] [main/INFO] [ne.mi.re.GameData/]: Potentially Dangerous alternative prefix `lepton` for name `stripped_wisteria_wood_slab`, expected `differentiate`. This could be a intended override, but in most cases indicates a broken mod.
[m[32m[17:30:40] [main/INFO] [ne.mi.re.GameData/]: Potentially Dangerous alternative prefix `lepton` for name `stripped_wisteria_wood_stairs`, expected `differentiate`. This could be a intended override, but in most cases indicates a broken mod.
[m[32m[17:30:40] [main/INFO] [ne.mi.re.GameData/]: Potentially Dangerous alternative prefix `lepton` for name `stripped_wisteria_wood_wall`, expected `differentiate`. This could be a intended override, but in most cases indicates a broken mod.
[m[32m[17:30:40] [main/INFO] [ne.mi.re.GameData/]: Potentially Dangerous alternative prefix `lepton` for name `stripped_wisteria_wood_vertical_slab`, expected `differentiate`. This could be a intended override, but in most cases indicates a broken mod.
[m[32m[17:30:40] [main/INFO] [ne.mi.re.GameData/]: Potentially Dangerous alternative prefix `lepton` for name `wisteria_wood_slab`, expected `differentiate`. This could be a intended override, but in most cases indicates a broken mod.
[m[32m[17:30:40] [main/INFO] [ne.mi.re.GameData/]: Potentially Dangerous alternative prefix `lepton` for name `wisteria_wood_stairs`, expected `differentiate`. This could be a intended override, but in most cases indicates a broken mod.
[m[32m[17:30:40] [main/INFO] [ne.mi.re.GameData/]: Potentially Dangerous alternative prefix `lepton` for name `wisteria_wood_wall`, expected `differentiate`. This could be a intended override, but in most cases indicates a broken mod.
[m[32m[17:30:40] [main/INFO] [ne.mi.re.GameData/]: Potentially Dangerous alternative prefix `lepton` for name `wisteria_wood_vertical_slab`, expected `differentiate`. This could be a intended override, but in most cases indicates a broken mod.
[m[32m[17:30:40] [main/INFO] [ne.mi.re.GameData/]: Potentially Dangerous alternative prefix `lepton` for name `stripped_cherry_wood_slab`, expected `differentiate`. This could be a intended override, but in most cases indicates a broken mod.
[m[32m[17:30:40] [main/INFO] [ne.mi.re.GameData/]: Potentially Dangerous alternative prefix `lepton` for name `stripped_cherry_wood_stairs`, expected `differentiate`. This could be a intended override, but in most cases indicates a broken mod.
[m[32m[17:30:40] [main/INFO] [ne.mi.re.GameData/]: Potentially Dangerous alternative prefix `lepton` for name `stripped_cherry_wood_wall`, expected `differentiate`. This could be a intended override, but in most cases indicates a broken mod.
[m[32m[17:30:40] [main/INFO] [ne.mi.re.GameData/]: Potentially Dangerous alternative prefix `lepton` for name `stripped_cherry_wood_vertical_slab`, expected `differentiate`. This could be a intended override, but in most cases indicates a broken mod.
[m[32m[17:30:40] [main/INFO] [ne.mi.re.GameData/]: Potentially Dangerous alternative prefix `lepton` for name `cherry_wood_slab`, expected `differentiate`. This could be a intended override, but in most cases indicates a broken mod.
[m[32m[17:30:40] [main/INFO] [ne.mi.re.GameData/]: Potentially Dangerous alternative prefix `lepton` for name `cherry_wood_stairs`, expected `differentiate`. This could be a intended override, but in most cases indicates a broken mod.
[m[32m[17:30:40] [main/INFO] [ne.mi.re.GameData/]: Potentially Dangerous alternative prefix `lepton` for name `cherry_wood_wall`, expected `differentiate`. This could be a intended override, but in most cases indicates a broken mod.
[m[32m[17:30:40] [main/INFO] [ne.mi.re.GameData/]: Potentially Dangerous alternative prefix `lepton` for name `cherry_wood_vertical_slab`, expected `differentiate`. This could be a intended override, but in most cases indicates a broken mod.
[m[32m[17:30:40] [main/INFO] [ne.mi.re.GameData/]: Potentially Dangerous alternative prefix `lepton` for name `stripped_willow_wood_slab`, expected `differentiate`. This could be a intended override, but in most cases indicates a broken mod.
[m[32m[17:30:40] [main/INFO] [ne.mi.re.GameData/]: Potentially Dangerous alternative prefix `lepton` for name `stripped_willow_wood_stairs`, expected `differentiate`. This could be a intended override, but in most cases indicates a broken mod.
[m[32m[17:30:40] [main/INFO] [ne.mi.re.GameData/]: Potentially Dangerous alternative prefix `lepton` for name `stripped_willow_wood_wall`, expected `differentiate`. This could be a intended override, but in most cases indicates a broken mod.
[m[32m[17:30:40] [main/INFO] [ne.mi.re.GameData/]: Potentially Dangerous alternative prefix `lepton` for name `stripped_willow_wood_vertical_slab`, expected `differentiate`. This could be a intended override, but in most cases indicates a broken mod.
[m[32m[17:30:40] [main/INFO] [ne.mi.re.GameData/]: Potentially Dangerous alternative prefix `lepton` for name `willow_wood_slab`, expected `differentiate`. This could be a intended override, but in most cases indicates a broken mod.
[m[32m[17:30:40] [main/INFO] [ne.mi.re.GameData/]: Potentially Dangerous alternative prefix `lepton` for name `willow_wood_stairs`, expected `differentiate`. This could be a intended override, but in most cases indicates a broken mod.
[m[32m[17:30:40] [main/INFO] [ne.mi.re.GameData/]: Potentially Dangerous alternative prefix `lepton` for name `willow_wood_wall`, expected `differentiate`. This could be a intended override, but in most cases indicates a broken mod.
[m[32m[17:30:40] [main/INFO] [ne.mi.re.GameData/]: Potentially Dangerous alternative prefix `lepton` for name `willow_wood_vertical_slab`, expected `differentiate`. This could be a intended override, but in most cases indicates a broken mod.
[m[32m[17:30:40] [main/INFO] [ne.mi.re.GameData/]: Potentially Dangerous alternative prefix `lepton` for name `stripped_red_mushroom_hyphae_slab`, expected `differentiate`. This could be a intended override, but in most cases indicates a broken mod.
[m[32m[17:30:40] [main/INFO] [ne.mi.re.GameData/]: Potentially Dangerous alternative prefix `lepton` for name `stripped_red_mushroom_hyphae_stairs`, expected `differentiate`. This could be a intended override, but in most cases indicates a broken mod.
[m[32m[17:30:40] [main/INFO] [ne.mi.re.GameData/]: Potentially Dangerous alternative prefix `lepton` for name `stripped_red_mushroom_hyphae_wall`, expected `differentiate`. This could be a intended override, but in most cases indicates a broken mod.
[m[32m[17:30:40] [main/INFO] [ne.mi.re.GameData/]: Potentially Dangerous alternative prefix `lepton` for name `stripped_red_mushroom_hyphae_vertical_slab`, expected `differentiate`. This could be a intended override, but in most cases indicates a broken mod.
[m[32m[17:30:40] [main/INFO] [ne.mi.re.GameData/]: Potentially Dangerous alternative prefix `lepton` for name `red_mushroom_hyphae_slab`, expected `differentiate`. This could be a intended override, but in most cases indicates a broken mod.
[m[32m[17:30:40] [main/INFO] [ne.mi.re.GameData/]: Potentially Dangerous alternative prefix `lepton` for name `red_mushroom_hyphae_stairs`, expected `differentiate`. This could be a intended override, but in most cases indicates a broken mod.
[m[32m[17:30:40] [main/INFO] [ne.mi.re.GameData/]: Potentially Dangerous alternative prefix `lepton` for name `red_mushroom_hyphae_wall`, expected `differentiate`. This could be a intended override, but in most cases indicates a broken mod.
[m[32m[17:30:40] [main/INFO] [ne.mi.re.GameData/]: Potentially Dangerous alternative prefix `lepton` for name `red_mushroom_hyphae_vertical_slab`, expected `differentiate`. This could be a intended override, but in most cases indicates a broken mod.
[m[32m[17:30:40] [main/INFO] [ne.mi.re.GameData/]: Potentially Dangerous alternative prefix `lepton` for name `stripped_brown_mushroom_hyphae_slab`, expected `differentiate`. This could be a intended override, but in most cases indicates a broken mod.
[m[32m[17:30:40] [main/INFO] [ne.mi.re.GameData/]: Potentially Dangerous alternative prefix `lepton` for name `stripped_brown_mushroom_hyphae_stairs`, expected `differentiate`. This could be a intended override, but in most cases indicates a broken mod.
[m[32m[17:30:40] [main/INFO] [ne.mi.re.GameData/]: Potentially Dangerous alternative prefix `lepton` for name `stripped_brown_mushroom_hyphae_wall`, expected `differentiate`. This could be a intended override, but in most cases indicates a broken mod.
[m[32m[17:30:40] [main/INFO] [ne.mi.re.GameData/]: Potentially Dangerous alternative prefix `lepton` for name `stripped_brown_mushroom_hyphae_vertical_slab`, expected `differentiate`. This could be a intended override, but in most cases indicates a broken mod.
[m[32m[17:30:40] [main/INFO] [ne.mi.re.GameData/]: Potentially Dangerous alternative prefix `lepton` for name `brown_mushroom_hyphae_slab`, expected `differentiate`. This could be a intended override, but in most cases indicates a broken mod.
[m[32m[17:30:40] [main/INFO] [ne.mi.re.GameData/]: Potentially Dangerous alternative prefix `lepton` for name `brown_mushroom_hyphae_stairs`, expected `differentiate`. This could be a intended override, but in most cases indicates a broken mod.
[m[32m[17:30:40] [main/INFO] [ne.mi.re.GameData/]: Potentially Dangerous alternative prefix `lepton` for name `brown_mushroom_hyphae_wall`, expected `differentiate`. This could be a intended override, but in most cases indicates a broken mod.
[m[32m[17:30:40] [main/INFO] [ne.mi.re.GameData/]: Potentially Dangerous alternative prefix `lepton` for name `brown_mushroom_hyphae_vertical_slab`, expected `differentiate`. This could be a intended override, but in most cases indicates a broken mod.
[m[32m[17:30:40] [main/INFO] [ne.mi.re.GameData/]: Potentially Dangerous alternative prefix `lepton` for name `stripped_glowshroom_hyphae_slab`, expected `differentiate`. This could be a intended override, but in most cases indicates a broken mod.
[m[32m[17:30:40] [main/INFO] [ne.mi.re.GameData/]: Potentially Dangerous alternative prefix `lepton` for name `stripped_glowshroom_hyphae_stairs`, expected `differentiate`. This could be a intended override, but in most cases indicates a broken mod.
[m[32m[17:30:40] [main/INFO] [ne.mi.re.GameData/]: Potentially Dangerous alternative prefix `lepton` for name `stripped_glowshroom_hyphae_wall`, expected `differentiate`. This could be a intended override, but in most cases indicates a broken mod.
[m[32m[17:30:40] [main/INFO] [ne.mi.re.GameData/]: Potentially Dangerous alternative prefix `lepton` for name `stripped_glowshroom_hyphae_vertical_slab`, expected `differentiate`. This could be a intended override, but in most cases indicates a broken mod.
[m[32m[17:30:40] [main/INFO] [ne.mi.re.GameData/]: Potentially Dangerous alternative prefix `lepton` for name `glowshroom_hyphae_slab`, expected `differentiate`. This could be a intended override, but in most cases indicates a broken mod.
[m[32m[17:30:40] [main/INFO] [ne.mi.re.GameData/]: Potentially Dangerous alternative prefix `lepton` for name `glowshroom_hyphae_stairs`, expected `differentiate`. This could be a intended override, but in most cases indicates a broken mod.
[m[32m[17:30:40] [main/INFO] [ne.mi.re.GameData/]: Potentially Dangerous alternative prefix `lepton` for name `glowshroom_hyphae_wall`, expected `differentiate`. This could be a intended override, but in most cases indicates a broken mod.
[m[32m[17:30:40] [main/INFO] [ne.mi.re.GameData/]: Potentially Dangerous alternative prefix `lepton` for name `glowshroom_hyphae_vertical_slab`, expected `differentiate`. This could be a intended override, but in most cases indicates a broken mod.
[m[32m[17:30:40] [main/INFO] [ne.mi.re.GameData/]: Potentially Dangerous alternative prefix `lepton` for name `stripped_jacaranda_wood_slab`, expected `differentiate`. This could be a intended override, but in most cases indicates a broken mod.
[m[32m[17:30:40] [main/INFO] [ne.mi.re.GameData/]: Potentially Dangerous alternative prefix `lepton` for name `stripped_jacaranda_wood_stairs`, expected `differentiate`. This could be a intended override, but in most cases indicates a broken mod.
[m[32m[17:30:40] [main/INFO] [ne.mi.re.GameData/]: Potentially Dangerous alternative prefix `lepton` for name `stripped_jacaranda_wood_wall`, expected `differentiate`. This could be a intended override, but in most cases indicates a broken mod.
[m[32m[17:30:40] [main/INFO] [ne.mi.re.GameData/]: Potentially Dangerous alternative prefix `lepton` for name `stripped_jacaranda_wood_vertical_slab`, expected `differentiate`. This could be a intended override, but in most cases indicates a broken mod.
[m[32m[17:30:40] [main/INFO] [ne.mi.re.GameData/]: Potentially Dangerous alternative prefix `lepton` for name `jacaranda_wood_slab`, expected `differentiate`. This could be a intended override, but in most cases indicates a broken mod.
[m[32m[17:30:40] [main/INFO] [ne.mi.re.GameData/]: Potentially Dangerous alternative prefix `lepton` for name `jacaranda_wood_stairs`, expected `differentiate`. This could be a intended override, but in most cases indicates a broken mod.
[m[32m[17:30:40] [main/INFO] [ne.mi.re.GameData/]: Potentially Dangerous alternative prefix `lepton` for name `jacaranda_wood_wall`, expected `differentiate`. This could be a intended override, but in most cases indicates a broken mod.
[m[32m[17:30:40] [main/INFO] [ne.mi.re.GameData/]: Potentially Dangerous alternative prefix `lepton` for name `jacaranda_wood_vertical_slab`, expected `differentiate`. This could be a intended override, but in most cases indicates a broken mod.
[m[32m[17:30:40] [main/INFO] [ne.mi.re.GameData/]: Potentially Dangerous alternative prefix `lepton` for name `stripped_redbud_wood_slab`, expected `differentiate`. This could be a intended override, but in most cases indicates a broken mod.
[m[32m[17:30:40] [main/INFO] [ne.mi.re.GameData/]: Potentially Dangerous alternative prefix `lepton` for name `stripped_redbud_wood_stairs`, expected `differentiate`. This could be a intended override, but in most cases indicates a broken mod.
[m[32m[17:30:40] [main/INFO] [ne.mi.re.GameData/]: Potentially Dangerous alternative prefix `lepton` for name `stripped_redbud_wood_wall`, expected `differentiate`. This could be a intended override, but in most cases indicates a broken mod.
[m[32m[17:30:40] [main/INFO] [ne.mi.re.GameData/]: Potentially Dangerous alternative prefix `lepton` for name `stripped_redbud_wood_vertical_slab`, expected `differentiate`. This could be a intended override, but in most cases indicates a broken mod.
[m[32m[17:30:40] [main/INFO] [ne.mi.re.GameData/]: Potentially Dangerous alternative prefix `lepton` for name `redbud_wood_slab`, expected `differentiate`. This could be a intended override, but in most cases indicates a broken mod.
[m[32m[17:30:40] [main/INFO] [ne.mi.re.GameData/]: Potentially Dangerous alternative prefix `lepton` for name `redbud_wood_stairs`, expected `differentiate`. This could be a intended override, but in most cases indicates a broken mod.
[m[32m[17:30:40] [main/INFO] [ne.mi.re.GameData/]: Potentially Dangerous alternative prefix `lepton` for name `redbud_wood_wall`, expected `differentiate`. This could be a intended override, but in most cases indicates a broken mod.
[m[32m[17:30:40] [main/INFO] [ne.mi.re.GameData/]: Potentially Dangerous alternative prefix `lepton` for name `redbud_wood_vertical_slab`, expected `differentiate`. This could be a intended override, but in most cases indicates a broken mod.
[m[32m[17:30:40] [main/INFO] [ne.mi.re.GameData/]: Potentially Dangerous alternative prefix `lepton` for name `stripped_cypress_wood_slab`, expected `differentiate`. This could be a intended override, but in most cases indicates a broken mod.
[m[32m[17:30:40] [main/INFO] [ne.mi.re.GameData/]: Potentially Dangerous alternative prefix `lepton` for name `stripped_cypress_wood_stairs`, expected `differentiate`. This could be a intended override, but in most cases indicates a broken mod.
[m[32m[17:30:40] [main/INFO] [ne.mi.re.GameData/]: Potentially Dangerous alternative prefix `lepton` for name `stripped_cypress_wood_wall`, expected `differentiate`. This could be a intended override, but in most cases indicates a broken mod.
[m[32m[17:30:40] [main/INFO] [ne.mi.re.GameData/]: Potentially Dangerous alternative prefix `lepton` for name `stripped_cypress_wood_vertical_slab`, expected `differentiate`. This could be a intended override, but in most cases indicates a broken mod.
[m[32m[17:30:40] [main/INFO] [ne.mi.re.GameData/]: Potentially Dangerous alternative prefix `lepton` for name `cypress_wood_slab`, expected `differentiate`. This could be a intended override, but in most cases indicates a broken mod.
[m[32m[17:30:40] [main/INFO] [ne.mi.re.GameData/]: Potentially Dangerous alternative prefix `lepton` for name `cypress_wood_stairs`, expected `differentiate`. This could be a intended override, but in most cases indicates a broken mod.
[m[32m[17:30:40] [main/INFO] [ne.mi.re.GameData/]: Potentially Dangerous alternative prefix `lepton` for name `cypress_wood_wall`, expected `differentiate`. This could be a intended override, but in most cases indicates a broken mod.
[m[32m[17:30:40] [main/INFO] [ne.mi.re.GameData/]: Potentially Dangerous alternative prefix `lepton` for name `cypress_wood_vertical_slab`, expected `differentiate`. This could be a intended override, but in most cases indicates a broken mod.
[m[32m[17:30:40] [main/INFO] [ne.mi.re.GameData/]: Potentially Dangerous alternative prefix `lepton` for name `cracked_glowdust_sandstone`, expected `differentiate`. This could be a intended override, but in most cases indicates a broken mod.
[m[32m[17:30:40] [main/INFO] [ne.mi.re.GameData/]: Potentially Dangerous alternative prefix `lepton` for name `cracked_glowdust_sandstone_slab`, expected `differentiate`. This could be a intended override, but in most cases indicates a broken mod.
[m[32m[17:30:40] [main/INFO] [ne.mi.re.GameData/]: Potentially Dangerous alternative prefix `lepton` for name `cracked_glowdust_sandstone_stairs`, expected `differentiate`. This could be a intended override, but in most cases indicates a broken mod.
[m[32m[17:30:40] [main/INFO] [ne.mi.re.GameData/]: Potentially Dangerous alternative prefix `lepton` for name `cracked_glowdust_sandstone_wall`, expected `differentiate`. This could be a intended override, but in most cases indicates a broken mod.
[m[32m[17:30:40] [main/INFO] [ne.mi.re.GameData/]: Potentially Dangerous alternative prefix `lepton` for name `cracked_glowdust_sandstone_vertical_slab`, expected `differentiate`. This could be a intended override, but in most cases indicates a broken mod.
[m[32m[17:30:40] [main/INFO] [ne.mi.re.GameData/]: Potentially Dangerous alternative prefix `lepton` for name `cut_glowdust_sandstone_stairs`, expected `differentiate`. This could be a intended override, but in most cases indicates a broken mod.
[m[32m[17:30:40] [main/INFO] [ne.mi.re.GameData/]: Potentially Dangerous alternative prefix `lepton` for name `cut_glowdust_sandstone_wall`, expected `differentiate`. This could be a intended override, but in most cases indicates a broken mod.
[m[32m[17:30:40] [main/INFO] [ne.mi.re.GameData/]: Potentially Dangerous alternative prefix `lepton` for name `smooth_glowdust_sandstone_wall`, expected `differentiate`. This could be a intended override, but in most cases indicates a broken mod.
[m[32m[17:30:40] [main/INFO] [ne.mi.re.GameData/]: Potentially Dangerous alternative prefix `lepton` for name `himmel_wall`, expected `differentiate`. This could be a intended override, but in most cases indicates a broken mod.
[m[32m[17:30:40] [main/INFO] [ne.mi.re.GameData/]: Potentially Dangerous alternative prefix `minecraft` for name `shield`, expected `inspirations`. This could be a intended override, but in most cases indicates a broken mod.
[m[32m[17:30:40] [main/INFO] [ne.mi.re.GameData/]: Potentially Dangerous alternative prefix `minecraft` for name `white_carpet`, expected `inspirations`. This could be a intended override, but in most cases indicates a broken mod.
[m[32m[17:30:40] [main/INFO] [ne.mi.re.GameData/]: Potentially Dangerous alternative prefix `minecraft` for name `orange_carpet`, expected `inspirations`. This could be a intended override, but in most cases indicates a broken mod.
[m[32m[17:30:40] [main/INFO] [ne.mi.re.GameData/]: Potentially Dangerous alternative prefix `minecraft` for name `magenta_carpet`, expected `inspirations`. This could be a intended override, but in most cases indicates a broken mod.
[m[32m[17:30:40] [main/INFO] [ne.mi.re.GameData/]: Potentially Dangerous alternative prefix `minecraft` for name `light_blue_carpet`, expected `inspirations`. This could be a intended override, but in most cases indicates a broken mod.
[m[32m[17:30:40] [main/INFO] [ne.mi.re.GameData/]: Potentially Dangerous alternative prefix `minecraft` for name `yellow_carpet`, expected `inspirations`. This could be a intended override, but in most cases indicates a broken mod.
[m[32m[17:30:40] [main/INFO] [ne.mi.re.GameData/]: Potentially Dangerous alternative prefix `minecraft` for name `lime_carpet`, expected `inspirations`. This could be a intended override, but in most cases indicates a broken mod.
[m[32m[17:30:40] [main/INFO] [ne.mi.re.GameData/]: Potentially Dangerous alternative prefix `minecraft` for name `pink_carpet`, expected `inspirations`. This could be a intended override, but in most cases indicates a broken mod.
[m[32m[17:30:40] [main/INFO] [ne.mi.re.GameData/]: Potentially Dangerous alternative prefix `minecraft` for name `gray_carpet`, expected `inspirations`. This could be a intended override, but in most cases indicates a broken mod.
[m[32m[17:30:40] [main/INFO] [ne.mi.re.GameData/]: Potentially Dangerous alternative prefix `minecraft` for name `light_gray_carpet`, expected `inspirations`. This could be a intended override, but in most cases indicates a broken mod.
[m[32m[17:30:40] [main/INFO] [ne.mi.re.GameData/]: Potentially Dangerous alternative prefix `minecraft` for name `cyan_carpet`, expected `inspirations`. This could be a intended override, but in most cases indicates a broken mod.
[m[32m[17:30:40] [main/INFO] [ne.mi.re.GameData/]: Potentially Dangerous alternative prefix `minecraft` for name `purple_carpet`, expected `inspirations`. This could be a intended override, but in most cases indicates a broken mod.
[m[32m[17:30:40] [main/INFO] [ne.mi.re.GameData/]: Potentially Dangerous alternative prefix `minecraft` for name `blue_carpet`, expected `inspirations`. This could be a intended override, but in most cases indicates a broken mod.
[m[32m[17:30:40] [main/INFO] [ne.mi.re.GameData/]: Potentially Dangerous alternative prefix `minecraft` for name `brown_carpet`, expected `inspirations`. This could be a intended override, but in most cases indicates a broken mod.
[m[32m[17:30:40] [main/INFO] [ne.mi.re.GameData/]: Potentially Dangerous alternative prefix `minecraft` for name `green_carpet`, expected `inspirations`. This could be a intended override, but in most cases indicates a broken mod.
[m[32m[17:30:40] [main/INFO] [ne.mi.re.GameData/]: Potentially Dangerous alternative prefix `minecraft` for name `red_carpet`, expected `inspirations`. This could be a intended override, but in most cases indicates a broken mod.
[m[32m[17:30:40] [main/INFO] [ne.mi.re.GameData/]: Potentially Dangerous alternative prefix `minecraft` for name `black_carpet`, expected `inspirations`. This could be a intended override, but in most cases indicates a broken mod.
[m[32m[17:30:40] [main/INFO] [ne.mi.re.GameData/]: Potentially Dangerous alternative prefix `minecraft` for name `cauldron`, expected `inspirations`. This could be a intended override, but in most cases indicates a broken mod.
[m[32m[17:30:41] [main/INFO] [Bookshelf/]: Registered 11 GlobalLootModifierSerializer entries in 0.32ms.
[m[32m[17:30:41] [main/INFO] [ModernFix/]: Bypassed Mojang DFU
[m[32m[17:30:41] [main/INFO] [ModernFix/]: Instantiating Mojang DFU
[m[32m[17:30:41] [main/INFO] [ne.mi.re.GameData/]: Potentially Dangerous alternative prefix `minecraft` for name `protection`, expected `inspirations`. This could be a intended override, but in most cases indicates a broken mod.
[m[32m[17:30:41] [main/INFO] [ne.mi.re.GameData/]: Potentially Dangerous alternative prefix `minecraft` for name `fire_protection`, expected `inspirations`. This could be a intended override, but in most cases indicates a broken mod.
[m[32m[17:30:41] [main/INFO] [ne.mi.re.GameData/]: Potentially Dangerous alternative prefix `minecraft` for name `projectile_protection`, expected `inspirations`. This could be a intended override, but in most cases indicates a broken mod.
[m[32m[17:30:41] [main/INFO] [ne.mi.re.GameData/]: Potentially Dangerous alternative prefix `minecraft` for name `blast_protection`, expected `inspirations`. This could be a intended override, but in most cases indicates a broken mod.
[m[32m[17:30:41] [main/INFO] [ne.mi.re.GameData/]: Potentially Dangerous alternative prefix `minecraft` for name `thorns`, expected `inspirations`. This could be a intended override, but in most cases indicates a broken mod.
[m[32m[17:30:41] [main/INFO] [ne.mi.re.GameData/]: Potentially Dangerous alternative prefix `minecraft` for name `knockback`, expected `inspirations`. This could be a intended override, but in most cases indicates a broken mod.
[m[32m[17:30:41] [main/INFO] [ne.mi.re.GameData/]: Potentially Dangerous alternative prefix `minecraft` for name `fire_aspect`, expected `inspirations`. This could be a intended override, but in most cases indicates a broken mod.
[m[33m[17:30:41] [main/WARN] [ne.mi.co.ForgeHooks/]: Called deprecated GlobalEntityTypeAttributes#put for conjurer_illager:conjurer, use EntityAttributeCreationEvent instead.
[m[32m[17:30:41] [main/INFO] [ne.mi.re.GameData/]: Potentially Dangerous alternative prefix `minecraft` for name `milk`, expected `forge`. This could be a intended override, but in most cases indicates a broken mod.
[m[32m[17:30:41] [main/INFO] [ne.mi.re.GameData/]: Potentially Dangerous alternative prefix `minecraft` for name `flowing_milk`, expected `forge`. This could be a intended override, but in most cases indicates a broken mod.
[m[32m[17:30:41] [main/INFO] [Bookshelf/]: Registered 22 ingredient serializers.
[m[32m[17:30:41] [main/INFO] [Bookshelf/]: Registered 5 IRecipeSerializer entries in 0.11ms.
[m[32m[17:30:41] [main/INFO] [ModdingLegacy/structure_gel/Compat/]: Checking for biome dictionary registry methods in other mods.
[m[33m[17:30:41] [main/WARN] [minecraft/EntityDataManager]: defineId called for: class org.infernalstudios.infernalexp.entities.ShroomloinEntity from class org.infernalstudios.infernalexp.entities.WarpbeetleEntity
[m[32m[17:30:42] [main/INFO] [co._i.to.TowersOfTheWild/]: Config set
[m[32m[17:30:42] [modloading-worker-0/INFO] [co.co.Connectivity/]: Connectivity initialized
[m[33m[17:30:42] [modloading-worker-3/WARN] [citadel/]: Failed to load patreon contributor perks
[m[32m[17:30:42] [modloading-worker-2/INFO] [Bookshelf/]: Registering 3 command argument types.
[m[32m[17:30:42] [modloading-worker-2/INFO] [Bookshelf/]: Registering 13 loot conditions.
[m[32m[17:30:42] [modloading-worker-1/INFO] [co.bo.fa.Fantasy/]: setup
[m[33m[17:30:42] [modloading-worker-1/WARN] [ne.mi.co.ForgeHooks/]: Called deprecated GlobalEntityTypeAttributes#put for fantasy:unicorn, use EntityAttributeCreationEvent instead.
[m[33m[17:30:42] [modloading-worker-1/WARN] [ne.mi.co.ForgeHooks/]: Called deprecated GlobalEntityTypeAttributes#put for fantasy:polar_bear, use EntityAttributeCreationEvent instead.
[m[33m[17:30:42] [modloading-worker-1/WARN] [ne.mi.co.ForgeHooks/]: Called deprecated GlobalEntityTypeAttributes#put for frozenup:chilloo, use EntityAttributeCreationEvent instead.
[m[32m[17:30:42] [modloading-worker-3/INFO] [co._i.to.TowersOfTheWild/]: towers_of_the_wild:regular_bottom pattern registered.
[m[32m[17:30:42] [modloading-worker-3/INFO] [co._i.to.TowersOfTheWild/]: towers_of_the_wild:ocean_warm_bottom pattern registered.
[m[32m[17:30:42] [modloading-worker-1/INFO] [co.be.BetterfpsdistMod/]: betterfpsdist mod initialized
[m[32m[17:30:42] [modloading-worker-3/INFO] [co._i.to.TowersOfTheWild/]: towers_of_the_wild:ocean_bottom pattern registered.
[m[32m[17:30:42] [modloading-worker-3/INFO] [co._i.to.TowersOfTheWild/]: towers_of_the_wild:jungle_bottom pattern registered.
[m[32m[17:30:42] [modloading-worker-3/INFO] [co._i.to.TowersOfTheWild/]: towers_of_the_wild:ice_bottom pattern registered.
[m[32m[17:30:42] [modloading-worker-3/INFO] [co._i.to.TowersOfTheWild/]: towers_of_the_wild:derelict_bottom pattern registered.
[m[32m[17:30:42] [modloading-worker-3/INFO] [co._i.to.TowersOfTheWild/]: towers_of_the_wild:derelict_grass_bottom pattern registered.
[m[32m[17:30:42] [modloading-worker-3/INFO] [co._i.to.TowersOfTheWild/]: towers_of_the_wild:regular_top pattern registered.
[m[32m[17:30:42] [modloading-worker-3/INFO] [co._i.to.TowersOfTheWild/]: towers_of_the_wild:ocean_warm_top pattern registered.
[m[32m[17:30:42] [modloading-worker-3/INFO] [co._i.to.TowersOfTheWild/]: towers_of_the_wild:ocean_top pattern registered.
[m[32m[17:30:42] [modloading-worker-3/INFO] [co._i.to.TowersOfTheWild/]: towers_of_the_wild:jungle_top pattern registered.
[m[32m[17:30:42] [modloading-worker-3/INFO] [co._i.to.TowersOfTheWild/]: towers_of_the_wild:ice_top pattern registered.
[m[32m[17:30:42] [modloading-worker-3/INFO] [co._i.to.TowersOfTheWild/]: towers_of_the_wild:derelict_top pattern registered.
[m[32m[17:30:42] [modloading-worker-3/INFO] [co._i.to.TowersOfTheWild/]: towers_of_the_wild:derelict_grass_top pattern registered.
[m[32m[17:30:42] [modloading-worker-3/INFO] [Charm/INTERNAL]: Initialising module Music
[m[32m[17:30:42] [modloading-worker-3/INFO] [Charm/INTERNAL]: Initialising module Sounds
[m[33m[17:30:42] [modloading-worker-1/WARN] [ne.mi.co.ForgeHooks/]: Called deprecated GlobalEntityTypeAttributes#put for charm:coral_squid, use EntityAttributeCreationEvent instead.
[m[33m[17:30:42] [modloading-worker-1/WARN] [ne.mi.co.ForgeHooks/]: Called deprecated GlobalEntityTypeAttributes#put for charm:moobloom, use EntityAttributeCreationEvent instead.
[m[32m[17:30:42] [modloading-worker-1/INFO] [Charm/INTERNAL]: Initialising module Acquisition
[m[32m[17:30:42] [modloading-worker-1/INFO] [Charm/INTERNAL]: Initialising module ArmorInvisibility
[m[32m[17:30:42] [modloading-worker-1/INFO] [Charm/INTERNAL]: Initialising module AutoRestock
[m[32m[17:30:42] [modloading-worker-1/INFO] [Charm/INTERNAL]: Initialising module BatBuckets
[m[32m[17:30:42] [modloading-worker-1/INFO] [Charm/INTERNAL]: Initialising module BeaconsHealMobs
[m[32m[17:30:42] [modloading-worker-3/INFO] [co.ja.mi.st.StorageDrawers/]: New compacting rule 4 clay_ball = 1 clay
[m[32m[17:30:42] [modloading-worker-3/INFO] [co.ja.mi.st.StorageDrawers/]: New compacting rule 4 snowball = 1 snow_block
[m[32m[17:30:42] [modloading-worker-3/INFO] [co.ja.mi.st.StorageDrawers/]: New compacting rule 4 glowstone_dust = 1 glowstone
[m[32m[17:30:42] [modloading-worker-3/INFO] [co.ja.mi.st.StorageDrawers/]: New compacting rule 4 brick = 1 bricks
[m[32m[17:30:42] [modloading-worker-3/INFO] [co.ja.mi.st.StorageDrawers/]: New compacting rule 4 nether_brick = 1 nether_bricks
[m[32m[17:30:42] [modloading-worker-3/INFO] [co.ja.mi.st.StorageDrawers/]: New compacting rule 9 nether_wart = 1 nether_wart_block
[m[32m[17:30:42] [modloading-worker-3/INFO] [co.ja.mi.st.StorageDrawers/]: New compacting rule 4 quartz = 1 quartz_block
[m[32m[17:30:42] [modloading-worker-3/INFO] [co.ja.mi.st.StorageDrawers/]: New compacting rule 9 melon_slice = 1 melon
[m[32m[17:30:42] [modloading-worker-3/INFO] [co.ja.mi.st.StorageDrawers/]: New compacting rule 4 sand = 1 sandstone
[m[32m[17:30:42] [modloading-worker-3/INFO] [co.ja.mi.st.StorageDrawers/]: New compacting rule 4 red_sand = 1 red_sandstone
[m[32m[17:30:42] [modloading-worker-1/INFO] [Charm/INTERNAL]: Initialising module BlockOfEnderPearls
[m[32m[17:30:42] [modloading-worker-1/INFO] [Charm/INTERNAL]: Initialising module BlockOfGunpowder
[m[32m[17:30:42] [modloading-worker-1/INFO] [Charm/INTERNAL]: Initialising module BlockOfSugar
[m[32m[17:30:42] [modloading-worker-1/INFO] [Charm/INTERNAL]: Initialising module ChickensDropFeathers
[m[32m[17:30:42] [modloading-worker-1/INFO] [Charm/INTERNAL]: Initialising module CoralSeaLanterns
[m[32m[17:30:42] [modloading-worker-1/INFO] [Charm/INTERNAL]: Initialising module Core
[m[32m[17:30:42] [modloading-worker-1/INFO] [Charm/INTERNAL]: Initialising module DecreaseRepairCost
[m[32m[17:30:42] [modloading-worker-1/INFO] [Charm/INTERNAL]: Initialising module EndermitePowder
[m[32m[17:30:42] [modloading-worker-1/INFO] [Charm/INTERNAL]: Initialising module EntitySpawners
[m[32m[17:30:42] [modloading-worker-1/INFO] [Charm/INTERNAL]: Initialising module ExtendNetherite
[m[32m[17:30:42] [modloading-worker-1/INFO] [Charm/INTERNAL]: Initialising module FeatherFallingCrops
[m[32m[17:30:42] [modloading-worker-1/INFO] [Charm/INTERNAL]: Initialising module Glowballs
[m[32m[17:30:42] [modloading-worker-1/INFO] [Charm/INTERNAL]: Initialising module GoldChains
[m[32m[17:30:42] [modloading-worker-1/INFO] [Charm/INTERNAL]: Initialising module GoldLanterns
[m[32m[17:30:42] [modloading-worker-1/INFO] [Charm/INTERNAL]: Initialising module MorePortalFrames
[m[32m[17:30:42] [modloading-worker-1/INFO] [Charm/INTERNAL]: Initialising module MusicImprovements
[m[32m[17:30:42] [modloading-worker-1/INFO] [Charm/INTERNAL]: Initialising module NetheriteNuggets
[m[32m[17:30:42] [modloading-worker-1/INFO] [Charm/INTERNAL]: Initialising module ParrotsStayOnShoulder
[m[32m[17:30:42] [modloading-worker-1/INFO] [Charm/INTERNAL]: Initialising module PlayerState
[m[32m[17:30:42] [modloading-worker-1/INFO] [Charm/INTERNAL]: Initialising module PortableCrafting
[m[32m[17:30:42] [modloading-worker-1/INFO] [Charm/INTERNAL]: Initialising module Quark
[m[32m[17:30:42] [modloading-worker-1/INFO] [Charm/INTERNAL]: Initialising module RaidHorns
[m[32m[17:30:42] [modloading-worker-1/INFO] [Charm/INTERNAL]: Initialising module RedstoneLanterns
[m[32m[17:30:42] [modloading-worker-1/INFO] [Charm/INTERNAL]: Initialising module RedstoneSand
[m[32m[17:30:42] [modloading-worker-1/INFO] [Charm/INTERNAL]: Initialising module RefinedObsidian
[m[32m[17:30:42] [modloading-worker-1/INFO] [Charm/INTERNAL]: Initialising module RemoveNitwits
[m[32m[17:30:42] [modloading-worker-1/INFO] [Charm/INTERNAL]: Initialising module RemovePotionGlint
[m[32m[17:30:42] [modloading-worker-1/INFO] [Charm/INTERNAL]: Initialising module SmoothGlowstone
[m[32m[17:30:42] [modloading-worker-1/INFO] [Charm/INTERNAL]: Initialising module StackableEnchantedBooks
[m[32m[17:30:42] [modloading-worker-1/INFO] [Charm/INTERNAL]: Initialising module StackablePotions
[m[32m[17:30:42] [modloading-worker-1/INFO] [Charm/INTERNAL]: Initialising module StackableStews
[m[32m[17:30:42] [modloading-worker-1/INFO] [Charm/INTERNAL]: Initialising module TamedAnimalsNoDamage
[m[32m[17:30:42] [modloading-worker-1/INFO] [Charm/INTERNAL]: Initialising module VariantMobTextures
[m[32m[17:30:42] [modloading-worker-3/INFO] [co.ja.mi.st.StorageDrawers/]: New compacting rule 4 clay_ball = 1 clay
[m[32m[17:30:42] [modloading-worker-3/INFO] [co.ch.ChunkSending/]: chunksending mod initialized
[m[33m[17:30:42] [modloading-worker-0/WARN] [ne.mi.co.ForgeHooks/]: Called deprecated GlobalEntityTypeAttributes#put for quark:foxhound, use EntityAttributeCreationEvent instead.
[m[33m[17:30:42] [modloading-worker-0/WARN] [ne.mi.co.ForgeHooks/]: Called deprecated GlobalEntityTypeAttributes#put for quark:forgotten, use EntityAttributeCreationEvent instead.
[m[33m[17:30:42] [modloading-worker-0/WARN] [ne.mi.co.ForgeHooks/]: Called deprecated GlobalEntityTypeAttributes#put for quark:toretoise, use EntityAttributeCreationEvent instead.
[m[33m[17:30:42] [modloading-worker-0/WARN] [ne.mi.co.ForgeHooks/]: Called deprecated GlobalEntityTypeAttributes#put for quark:leash_knot_fake, use EntityAttributeCreationEvent instead.
[m[33m[17:30:42] [modloading-worker-0/WARN] [ne.mi.co.ForgeHooks/]: Called deprecated GlobalEntityTypeAttributes#put for quark:shiba, use EntityAttributeCreationEvent instead.
[m[33m[17:30:42] [modloading-worker-0/WARN] [ne.mi.co.ForgeHooks/]: Called deprecated GlobalEntityTypeAttributes#put for quark:wraith, use EntityAttributeCreationEvent instead.
[m[33m[17:30:42] [modloading-worker-0/WARN] [ne.mi.co.ForgeHooks/]: Called deprecated GlobalEntityTypeAttributes#put for quark:stoneling, use EntityAttributeCreationEvent instead.
[m[33m[17:30:42] [modloading-worker-0/WARN] [ne.mi.co.ForgeHooks/]: Called deprecated GlobalEntityTypeAttributes#put for quark:crab, use EntityAttributeCreationEvent instead.
[m[33m[17:30:42] [modloading-worker-0/WARN] [ne.mi.co.ForgeHooks/]: Called deprecated GlobalEntityTypeAttributes#put for quark:wrapped, use EntityAttributeCreationEvent instead.
[m[33m[17:30:42] [modloading-worker-0/WARN] [ne.mi.co.ForgeHooks/]: Called deprecated GlobalEntityTypeAttributes#put for quark:frog, use EntityAttributeCreationEvent instead.
[m[32m[17:30:42] [modloading-worker-2/INFO] [CraftTweaker/]: CraftTweaker has loaded successfully!
[m[32m[17:30:42] [main/INFO] [co.el.di.co.re.Registrator/]: Registered block and item compostables
[m[32m[17:30:42] [main/INFO] [co.el.di.co.re.Registrator/]: Registered block flammables
[m[32m[17:30:42] [modloading-worker-1/INFO] [ne.cr.mi.MineTogether/]: Scanning mods directory for MineTogether jar
[m[1;31m[17:30:42] [modloading-worker-1/ERROR] [ne.cr.mi.MineTogether/]: Main class found, MineTogether Jar found
[m[32m[17:30:42] [modloading-worker-1/INFO] [ne.cr.mi.MineTogether/]: Attempting to load pregenData.json
[m[32m[17:30:42] [modloading-worker-1/INFO] [co.bo.fa.Fantasy/]: Hello world from the MDK
[m[32m[17:30:42] [modloading-worker-1/INFO] [co.bo.fa.Fantasy/]: Got IMC [Hello world]
[m[32m[17:30:43] [modloading-worker-3/INFO] [ModdingLegacy/structure_gel/]: Attempting to register unregistered biomes to the biome dictionary. This can be disabled via config.
[m[32m[17:30:43] [modloading-worker-2/INFO] [Waila/]: Registered plugin at net.blay09.mods.waystones.compat.WailaProvider
[m[32m[17:30:43] [modloading-worker-2/INFO] [Waila/]: Registered plugin at snownee.jade.JadePlugin
[m[32m[17:30:43] [modloading-worker-2/INFO] [Waila/]: Registered plugin at snownee.jade.JadeClientPlugin
[m[32m[17:30:43] [modloading-worker-2/INFO] [Waila/]: Registered plugin at mcp.mobius.waila.addons.minecraft.PluginMinecraft
[m[32m[17:30:43] [modloading-worker-2/INFO] [Waila/]: Registered plugin at com.jaquadro.minecraft.storagedrawers.integration.Waila
[m[32m[17:30:43] [modloading-worker-3/INFO] [ModdingLegacy/structure_gel/]: Registered environmental:marsh to structure_gel:[]
[m[32m[17:30:43] [modloading-worker-3/INFO] [ModdingLegacy/structure_gel/]: Registered autumnity:orange_spotted_dark_forest to structure_gel:[]
[m[32m[17:30:43] [modloading-worker-3/INFO] [ModdingLegacy/structure_gel/]: Registered environmental:blossom_woods to structure_gel:[]
[m[32m[17:30:43] [modloading-worker-3/INFO] [ModdingLegacy/structure_gel/]: Registered atmospheric:rainforest_mountains to structure_gel:[]
[m[32m[17:30:43] [modloading-worker-3/INFO] [ModdingLegacy/structure_gel/]: Registered atmospheric:sparse_rainforest_plateau to structure_gel:[]
[m[32m[17:30:43] [modloading-worker-3/INFO] [ModdingLegacy/structure_gel/]: Registered autumnity:red_spotted_taiga to structure_gel:[]
[m[32m[17:30:43] [modloading-worker-3/INFO] [ModdingLegacy/structure_gel/]: Registered abundance:lavender_fields to structure_gel:[]
[m[32m[17:30:43] [modloading-worker-3/INFO] [ModdingLegacy/structure_gel/]: Registered atmospheric:rainforest_plateau to structure_gel:[]
[m[32m[17:30:43] [modloading-worker-3/INFO] [ModdingLegacy/structure_gel/]: Registered environmental:blossom_hills to structure_gel:[]
[m[32m[17:30:43] [modloading-worker-3/INFO] [ModdingLegacy/structure_gel/]: Registered environmental:mushroom_marsh to structure_gel:[]
[m[32m[17:30:43] [modloading-worker-3/INFO] [ModdingLegacy/structure_gel/]: Registered abundance:lavender_forest to structure_gel:[]
[m[32m[17:30:43] [modloading-worker-3/INFO] [ModdingLegacy/structure_gel/]: Registered atmospheric:sparse_rainforest_basin to structure_gel:[]
[m[32m[17:30:43] [modloading-worker-3/INFO] [ModdingLegacy/structure_gel/]: Registered environmental:blossom_highlands to structure_gel:[]
[m[32m[17:30:43] [modloading-worker-3/INFO] [ModdingLegacy/structure_gel/]: Registered environmental:blossom_valleys to structure_gel:[]
[m[32m[17:30:43] [modloading-worker-3/INFO] [ModdingLegacy/structure_gel/]: Registered bayou_blues:bayou_hills to structure_gel:[]
[m[32m[17:30:43] [modloading-worker-3/INFO] [ModdingLegacy/structure_gel/]: Registered abundance:nemophila_fields to structure_gel:[]
[m[32m[17:30:43] [modloading-worker-3/INFO] [ModdingLegacy/structure_gel/]: Registered atmospheric:rainforest to structure_gel:[]
[m[32m[17:30:43] [modloading-worker-3/INFO] [ModdingLegacy/structure_gel/]: Registered mirabilis:dead_dunes to structure_gel:[]
[m[32m[17:30:43] [modloading-worker-3/INFO] [ModdingLegacy/structure_gel/]: Registered mirabilis:lush_dune to structure_gel:[]
[m[32m[17:30:43] [modloading-worker-3/INFO] [ModdingLegacy/structure_gel/]: Registered atmospheric:hot_springs to structure_gel:[]
[m[32m[17:30:43] [modloading-worker-3/INFO] [ModdingLegacy/structure_gel/]: Registered autumnity:maple_forest to structure_gel:[]
[m[32m[17:30:43] [modloading-worker-3/INFO] [ModdingLegacy/structure_gel/]: Registered atmospheric:rainforest_basin to structure_gel:[]
[m[32m[17:30:43] [modloading-worker-3/INFO] [ModdingLegacy/structure_gel/]: Registered autumnity:yellow_spotted_forest to structure_gel:[]
[m[32m[17:30:43] [modloading-worker-3/INFO] [ModdingLegacy/structure_gel/]: Registered atmospheric:rocky_dunes to structure_gel:[]
[m[32m[17:30:43] [modloading-worker-3/INFO] [ModdingLegacy/structure_gel/]: Registered autumnity:pumpkin_fields to structure_gel:[]
[m[32m[17:30:43] [modloading-worker-3/INFO] [ModdingLegacy/structure_gel/]: Registered atmospheric:flourishing_dunes to structure_gel:[]
[m[32m[17:30:43] [modloading-worker-3/INFO] [ModdingLegacy/structure_gel/]: Registered atmospheric:rocky_dunes_hills to structure_gel:[]
[m[32m[17:30:43] [modloading-worker-3/INFO] [ModdingLegacy/structure_gel/]: Registered atmospheric:petrified_dunes to structure_gel:[]
[m[32m[17:30:43] [modloading-worker-3/INFO] [ModdingLegacy/structure_gel/]: Registered mirabilis:lush_snowy_tundra to structure_gel:[]
[m[32m[17:30:43] [modloading-worker-3/INFO] [ModdingLegacy/structure_gel/]: Registered mirabilis:lush_forest to structure_gel:[]
[m[32m[17:30:43] [modloading-worker-3/INFO] [ModdingLegacy/structure_gel/]: Registered atmospheric:dunes to structure_gel:[]
[m[32m[17:30:43] [modloading-worker-3/INFO] [ModdingLegacy/structure_gel/]: Registered atmospheric:dunes_hills to structure_gel:[]
[m[32m[17:30:43] [modloading-worker-3/INFO] [ModdingLegacy/structure_gel/]: Registered autumnity:maple_forest_hills to structure_gel:[]
[m[32m[17:30:43] [modloading-worker-3/INFO] [ModdingLegacy/structure_gel/]: Registered bayou_blues:bayou to structure_gel:[]
[m[32m[17:30:43] [modloading-worker-3/INFO] [ModdingLegacy/structure_gel/]: Registered infernalexp:glowstone_canyon to structure_gel:[]
[m[32m[17:30:43] [modloading-worker-3/INFO] [ModdingLegacy/structure_gel/]: Reloading biome config for dungeons_plus:tower
[m[32m[17:30:43] [modloading-worker-3/INFO] [ModdingLegacy/structure_gel/]: Reloading biome config for dungeons_plus:bigger_dungeon
[m[32m[17:30:43] [modloading-worker-3/INFO] [ModdingLegacy/structure_gel/]: Reloading biome config for dungeons_plus:leviathan
[m[32m[17:30:43] [modloading-worker-3/INFO] [ModdingLegacy/structure_gel/]: Reloading biome config for dungeons_plus:snowy_temple
[m[32m[17:30:43] [modloading-worker-3/INFO] [ModdingLegacy/structure_gel/]: Reloading biome config for dungeons_plus:end_ruins
[m[32m[17:30:43] [modloading-worker-3/INFO] [ModdingLegacy/structure_gel/]: Reloading biome config for dungeons_plus:warped_garden
[m[32m[17:30:43] [modloading-worker-3/INFO] [ModdingLegacy/structure_gel/]: Reloading biome config for dungeons_plus:soul_prison
[m[32m[17:30:43] [modloading-worker-3/INFO] [ModdingLegacy/structure_gel/]: Reloading biome config for conjurer_illager:theatre
[m[1;31m[17:30:43] [main/ERROR] [minecraft/WorldSettingsImport]: Error adding element: Base value out of range: 256 [-10-128]
[m[1;31m[17:30:43] [main/ERROR] [minecraft/BiomeGenerationSettings]: Feature: Not a JSON object: "minecraft:patch_tall_grass"; Not a JSON object: "minecraft:bamboo_vegetation"; Not a JSON object: "minecraft:bamboo"; Not a JSON object: "minecraft:trees_jungle"; Not a JSON object: "minecraft:patch_grass_jungle"
[m[1;31m[17:30:44] [main/ERROR] [minecraft/BiomeGenerationSettings]: Feature: Not a JSON object: "minecraft:patch_tall_grass"; Not a JSON object: "minecraft:bamboo_vegetation"; Not a JSON object: "minecraft:bamboo"; Not a JSON object: "minecraft:trees_jungle"; Not a JSON object: "minecraft:patch_grass_jungle"
[m[32m[17:30:44] [main/INFO] [mojang/YggdrasilAuthenticationService]: Environment: authHost='https://authserver.mojang.com', accountsHost='https://api.mojang.com', sessionHost='https://sessionserver.mojang.com', servicesHost='https://api.minecraftservices.com', name='PROD'
[m[32m[17:30:44] [main/INFO] [Open Loader/]: Injecting data pack finder.
[m[32m[17:30:44] [main/INFO] [Open Loader/]: Loading Data Pack openloader/data/caverns_n_chasms_compat_data.
[m[32m[17:30:44] [main/INFO] [Open Loader/]: Loading Data Pack openloader/data/crucial_rps_fd.
[m[32m[17:30:44] [main/INFO] [Open Loader/]: Loading Data Pack openloader/data/create_compat_data.
[m[32m[17:30:44] [main/INFO] [Open Loader/]: Loading Data Pack openloader/data/crucial_rps_env.
[m[32m[17:30:44] [main/INFO] [Open Loader/]: Loading Data Pack openloader/data/crucial_rps_sr.
[m[32m[17:30:44] [main/INFO] [Open Loader/]: Loading Data Pack openloader/data/contenttweaker.
[m[32m[17:30:44] [main/INFO] [Open Loader/]: Loading Data Pack openloader/data/crucial_worldgen.
[m[32m[17:30:44] [main/INFO] [Open Loader/]: Loading Data Pack openloader/data/crucial_data_v9.
[m[32m[17:30:44] [main/INFO] [Open Loader/]: Loading Data Pack openloader/data/crucial_rps_bb.
[m[33m[17:30:44] [main/WARN] [minecraft/Commands]: Ambiguity between arguments [experience, add] and [experience, lvlAmount] with inputs: [add]
[m[33m[17:30:44] [main/WARN] [minecraft/Commands]: Ambiguity between arguments [experience, query] and [experience, lvlAmount] with inputs: [query]
[m[33m[17:30:44] [main/WARN] [minecraft/Commands]: Ambiguity between arguments [experience, set] and [experience, lvlAmount] with inputs: [set]
[m[33m[17:30:44] [main/WARN] [minecraft/Commands]: Ambiguity between arguments [experience, amount] and [experience, lvlAmount] with inputs: [0, -123, 123]
[m[33m[17:30:44] [main/WARN] [minecraft/Commands]: Ambiguity between arguments [teleport, destination] and [teleport, targets] with inputs: [Player, 0123, @e, dd12be42-52a9-4a91-a8a1-11c01849e498]
[m[33m[17:30:44] [main/WARN] [minecraft/Commands]: Ambiguity between arguments [teleport, location] and [teleport, destination] with inputs: [0.1 -0.5 .9, 0 0 0]
[m[33m[17:30:44] [main/WARN] [minecraft/Commands]: Ambiguity between arguments [teleport, location] and [teleport, targets] with inputs: [0.1 -0.5 .9, 0 0 0]
[m[33m[17:30:45] [main/WARN] [minecraft/Commands]: Ambiguity between arguments [teleport, targets] and [teleport, destination] with inputs: [Player, 0123, dd12be42-52a9-4a91-a8a1-11c01849e498]
[m[33m[17:30:45] [main/WARN] [minecraft/Commands]: Ambiguity between arguments [teleport, targets, location] and [teleport, targets, destination] with inputs: [0.1 -0.5 .9, 0 0 0]
[m[32m[17:30:45] [main/INFO] [minecraft/SimpleReloadableResourceManager]: Reloading ResourceManager: Default, CyclopsCore-1.16.5-1.13.0.jar, BetterDungeons-1.16.4-1.2.1.jar, secondchanceforge-1.16.5-1.5.0.jar, infernal-expansion-1.16.5-2.5.0.jar, fish_in_planks-1.16.5-0.4.jar, Architects-Palette-1.16.4-1.1.5.jar, opotato-1.16.5-2.1.4.jar, glazedsymmetry-1.0.jar, connectivity-2.4-1.16.5.jar, ContentTweaker-1.16-1.0.0.develop.36.jar, windowlogging-mc1.16.5_v0.0.5.jar, farsight-1.4.2-1.16.5.jar, BetterCaves-Forge-1.16.4-1.1.2.jar, rawironandgoldupdate.jar, advancementframes-1.16.5-1.0.5.jar, Prism-1.16.5-1.0.1.jar, Placebo-1.16.5-4.7.1.jar, modernfix-forge-5.8.1+mc1.16.5.jar, citadel-1.8.1-1.16.5.jar, alexsmobs-1.12.1.jar, YungsApi-1.16.4-Forge-13.jar, Mirabilis 1.0.5 1.16.5.jar, Bookshelf-Forge-1.16.5-10.4.33.jar, itemzoom-1.16.x-2.2.1.jar, forgery-1.16-1.4.0_01.jar, jeed-1.16.5-1.6.jar, carryon-1.16.5-1.15.6.24.jar, Paraglider-1.16.5-1.3.2.14.jar, bundlesplus-0.2.1.jar, supplementaries-1.16.5-0.18.5.jar, structure_gel-1.16.5-1.7.8.jar, homing_ender_eye-1.16.5-1.0.1.jar, chocolate-1.3.0-1.16.4.jar, FarmersDelight-1.16.5-0.6.0.jar, customizableelytra-1.16.4-1.6.1.jar, repurposed_structures_forge-3.4.7+1.16.5.jar, moyai-1.16.5-1.0.2.jar, dungeons_plus-1.16.5-1.1.5.jar, skinned_lanterns-1.16.5-1.3.1.jar, YungsBridges-Forge-1.16.4-1.0.1.jar, shulker_enchantments-2.1.1.jar, spark-1.9.1-forge.jar, lightspeed-1.16.5-1.0.5.jar, Patchouli-1.16.4-53.3.jar, despawn_tweaker-1.16.5-0.0.5.jar, leap-1.16.4-1.1.1.jar, unnamedanimalmod-1.0.0.jar, YungsExtras-Forge-1.16.4-1.0.jar, BetterStrongholds-1.16.4-1.2.1.jar, antiquewaystones-1.3.jar, sapience-1.16.5-1.1.2.jar, architectury-1.32.68.jar, Chimes-1.0.0-1.16.5.jar, cloth-config-4.17.101-forge.jar, BetterMineshafts-Forge-1.16.4-2.0.4.jar, SimpleDiscordRichPresence-1.4.0-build.3+mc1.16.5.jar, geckolib-forge-1.16.5-3.0.106.jar, StructuredCrafting-1.16.4-0.2.2.jar, QuarkOddities-1.16.3.jar, Notes-1.16.5-1.2.3.jar, ftb-library-forge-1605.3.4-build.90.jar, jei-1.16.5-7.8.0.1009.jar, the-conjurer-1.16.4-1.0.13.jar, abnormals_core-1.16.5-3.3.1.jar, Fruitful-1.16.5-2.1.0.jar, environmental-1.16.5-1.1.1.jar, bamboo_blocks-1.16.5-3.0.1.jar, allurement-1.16.5-1.2.1.jar, peculiars-1.16.5-2.0.1.jar, buzzier_bees-1.16.5-3.0.3.jar, berry_good-1.16.5-4.1.2.jar, Enhanced-Mushrooms-1.16.5-3.0.9.jar, Bayou-Blues-1.16.5-1.0.5.jar, differentiate-1.16.5-0.5.3.jar, cookielicious-1.16.5-1.4.3.jar, seals-1.16.3-2.1.2.jar, Better-Badlands-1.16.5-2.0.3.jar, extraboats-1.16.5-2.1.1.jar, Waystones_1.16.5-7.6.4.jar, shutupexperimentalsettings-1.0.3.jar, RoadRunner-mc1.16.5-1.4.1.jar, irregularchef-1.16.5-1.0.1.jar, fantasy-forge-1.1.1.jar, lazydfu-0.1.3.jar, bedspreads-forge-1.16.5-5.1.0.3.jar, blockswap-1.1.1.jar, JEITweaker-1.16.5-1.1.0.49.jar, memoryleakfix-forge-pre1.17-1.0.0.jar, CraftTweaker-1.16.5-7.1.2.525.jar, frozenup-1.0.1.jar, forge-1.16.5-36.2.39-universal.jar, endergetic-1.16.5-3.0.2.jar, seasonals-1.16.5-2.0.3.jar, chalk-1.16.5-1.2.1.jar, neapolitan-1.16.5-2.2.1.jar, selene-1.16.5-1.9.0.jar, antiqueatlas-6.2.4-forge-mc1.16.5.jar, upgrade_aquatic-1.16.5-3.1.2.jar, smoothchunk1.16.5-2.0.jar, radon-0.8.0a.jar, goaloptimizer-1.16.5-1.1.1.jar, Abundance-1.16.5-1.0.5.jar, Jade-1.16.4-2.8.3.jar, towers_of_the_wild-1.16.3-2.1.0.1.jar, lepton-1.16.5-1.3.2.jar, farmersdelightintegration-1.16.5-1.0.3.jar, personality-1.16.5-1.0.3.jar, atmospheric-1.16.5-3.1.1.jar, betterfpsdist-1.2.jar, savageandravage-1.16.5-3.2.0.jar, Mantle-1.16.5-1.6.157.jar, Inspirations-1.16.5-1.2.3.38.jar, ftb-backups-2.1.2.2.jar, autumnity-1.16.5-2.1.2.jar, AutoRegLib-1.6-49.jar, Quark-r2.4-322.jar, charm-forge-1.16.5-2.3.2.jar, charmonium-forge-1.16.5-2.3.2.jar, abnormals_delight-1.16.5-1.2.1.jar, StorageDrawers-1.16.3-8.5.2.jar, redirector-1.16.5-1.6.0-forge.jar, muchmoremodcompat-1.0.0.jar, decorative_blocks-1.16.4-1.7.2.jar, decorative_blocks_abnormals-1.2.jar, decorative_winter-0.1.2.jar, screenshot-to-clipboard-1.0.7-forge.jar, ferritecore-2.1.1-forge.jar, minetogether-1.16.5-5.1.2-forge.jar, mannequins-forge-2.1.0+1.16.5.jar, pollen-forge-1.5.0+1.16.5.jar, chunksending-1.16.5-2.5.jar, step-1.16.4-1.1.0.jar, OpenLoader-1.16.5-9.0.3.jar, deuf-1.16.5-1.1.jar, DefaultOptions_1.16.5-12.2.1.jar, caverns_n_chasms_compat_data, contenttweaker, create_compat_data, crucial_data_v9, crucial_rps_bb, crucial_rps_env, crucial_rps_fd, crucial_rps_sr, crucial_worldgen, Prometheus-Exporter-1.16.5-forge-1.2.1.1.jar
[m[32m[17:30:45] [main/INFO] [ModernFix/]: Invalidating pack caches
[m[32m[17:30:45] [main/INFO] [gg.mo.po.ap.re.mo.ResourceModifierManager/]: Loaded 0 data modifiers
[m[1;31m[17:30:45] [Worker-Main-3/ERROR] [minecraft/TagCollectionReader]: Couldn't read item tag list fruitful:gives_sustaining_long from fruitful:tags/items/gives_sustaining_long.json in data pack Fruitful-1.16.5-2.1.0.jar
com.google.gson.JsonSyntaxException: Missing values, expected to find a JsonArray
	at net.minecraft.util.JSONUtils.func_151214_t(SourceFile:425) ~[?:?] {re:classloading}
	at net.minecraft.tags.ITag$Builder.func_232956_a_(ITag.java:105) ~[?:?] {re:mixin,re:classloading,pl:mixin:APP:pollen-common.mixins.json:data.TagBuilderMixin,pl:mixin:A}
	at net.minecraft.tags.TagCollectionReader.func_242223_a(SourceFile:60) ~[?:?] {re:classloading}
	at java.util.concurrent.CompletableFuture$AsyncSupply.run(Unknown Source) [?:?] {}
	at java.util.concurrent.CompletableFuture$AsyncSupply.exec(Unknown Source) [?:?] {}
	at java.util.concurrent.ForkJoinTask.doExec(Unknown Source) [?:?] {}
	at java.util.concurrent.ForkJoinPool$WorkQueue.topLevelExec(Unknown Source) [?:?] {}
	at java.util.concurrent.ForkJoinPool.scan(Unknown Source) [?:?] {re:computing_frames}
	at java.util.concurrent.ForkJoinPool.runWorker(Unknown Source) [?:?] {re:computing_frames}
	at java.util.concurrent.ForkJoinWorkerThread.run(Unknown Source) [?:?] {}
[m[1;31m[17:30:46] [Worker-Main-2/ERROR] [minecraft/TagCollectionReader]: Couldn't load item tag crucial:categories/effects/atmospheric/persistence as it is missing following references: atmospheric:yucca_juice (from crucial_data_v9)
[m[1;31m[17:30:46] [Worker-Main-2/ERROR] [minecraft/TagCollectionReader]: Couldn't load item tag crucial:categories/aliases/categorized as it is missing following references: #crucial:categories/food_items (from crucial_data_v9)
[m[1;31m[17:30:46] [Worker-Main-2/ERROR] [minecraft/TagCollectionReader]: Couldn't load item tag crucial:categories/food_items as it is missing following references: atmospheric:yucca_juice (from crucial_data_v9)
[m[32m[17:30:46] [Worker-Main-2/INFO] [co.mi.ab.co.AbnormalsCore/]: Loot Modification Manager has loaded 6 sets of modifiers
[m[1;31m[17:30:46] [Worker-Main-2/ERROR] [minecraft/RecipeManager]: Parsing error loading recipe lepton:baking/cracked_glowdust_sandstone: com.google.gson.JsonSyntaxException: Unknown item 'atmospheric:smooth_glowdust_sandstone'
[m[32m[17:30:46] [Worker-Main-2/INFO] [minecraft/RecipeManager]: Skipping loading recipe supplementaries:brass_lantern as it's serializer returned null
[m[32m[17:30:46] [Worker-Main-2/INFO] [minecraft/RecipeManager]: Skipping loading recipe supplementaries:candelabra_silver as it's serializer returned null
[m[32m[17:30:46] [Worker-Main-2/INFO] [minecraft/RecipeManager]: Skipping loading recipe supplementaries:checker_vertical_slab as it's serializer returned null
[m[32m[17:30:46] [Worker-Main-2/INFO] [minecraft/RecipeManager]: Skipping loading recipe supplementaries:cog_block as it's serializer returned null
[m[32m[17:30:46] [Worker-Main-2/INFO] [minecraft/RecipeManager]: Skipping loading recipe supplementaries:copper_lantern as it's serializer returned null
[m[32m[17:30:46] [Worker-Main-2/INFO] [minecraft/RecipeManager]: Skipping loading recipe supplementaries:copper_lantern_2 as it's serializer returned null
[m[1;31m[17:30:46] [Worker-Main-2/ERROR] [minecraft/RecipeManager]: Parsing error loading recipe lepton:crafting/cut_glowdust_sandstone_stairs: com.google.gson.JsonSyntaxException: Unknown item 'infernalexp:cut_glowdust_sandstone'
[m[1;31m[17:30:46] [Worker-Main-2/ERROR] [minecraft/RecipeManager]: Parsing error loading recipe lepton:crafting/cut_glowdust_sandstone_wall: com.google.gson.JsonSyntaxException: Unknown item 'infernalexp:cut_glowdust_sandstone'
[m[1;31m[17:30:46] [Worker-Main-2/ERROR] [minecraft/RecipeManager]: Parsing error loading recipe bayou_blues:crafting/gooseberry_jam_cookie_bent: com.google.gson.JsonSyntaxException: Invalid pattern: each row must be the same width
[m[1;31m[17:30:46] [Worker-Main-2/ERROR] [minecraft/RecipeManager]: Parsing error loading recipe lepton:crafting/smooth_glowdust_sandstone_wall: com.google.gson.JsonSyntaxException: Unknown item 'infernalexp:smooth_glowdust_sandstone'
[m[32m[17:30:46] [Worker-Main-2/INFO] [minecraft/RecipeManager]: Skipping loading recipe supplementaries:firefly_jar_tf as it's serializer returned null
[m[32m[17:30:46] [Worker-Main-2/INFO] [minecraft/RecipeManager]: Skipping loading recipe miningmaster:forging/kinetic_tongue_whip as it's serializer returned null
[m[1;31m[17:30:46] [Worker-Main-2/ERROR] [minecraft/RecipeManager]: Parsing error loading recipe jeed:gelled: com.google.gson.JsonSyntaxException: Unknown effect 'atmospheric:gelled'
[m[1;31m[17:30:46] [Worker-Main-2/ERROR] [minecraft/RecipeManager]: Parsing error loading recipe supplementaries:hanging_signs/hanging_sign_mangrove_un: com.google.gson.JsonSyntaxException: Unknown item 'unnamedanimalmod:mangrove_planks'
[m[1;31m[17:30:46] [Worker-Main-2/ERROR] [minecraft/RecipeManager]: Parsing error loading recipe fish_in_planks:koi_barrel: com.google.gson.JsonSyntaxException: Unknown item 'enviromental:koi'
[m[32m[17:30:46] [Worker-Main-2/INFO] [minecraft/RecipeManager]: Skipping loading recipe supplementaries:planter_rich_soul as it's serializer returned null
[m[1;31m[17:30:46] [Worker-Main-2/ERROR] [minecraft/RecipeManager]: Parsing error loading recipe supplementaries:sign_posts/sign_post_mangrove_un: com.google.gson.JsonSyntaxException: Unknown item 'unnamedanimalmod:mangrove_planks'
[m[1;31m[17:30:46] [Worker-Main-2/ERROR] [minecraft/RecipeManager]: Parsing error loading recipe lepton:smelting/cracked_glowdust_sandstone: com.google.gson.JsonSyntaxException: Unknown item 'infernalexp:smooth_glowdust_sandstone'
[m[1;31m[17:30:46] [Worker-Main-2/ERROR] [minecraft/RecipeManager]: Parsing error loading recipe lepton:stonecutting/cut_glowdust_sandstone_stairs: com.google.gson.JsonSyntaxException: Unknown item 'infernalexp:cut_glowdust_sandstone'
[m[1;31m[17:30:46] [Worker-Main-2/ERROR] [minecraft/RecipeManager]: Parsing error loading recipe lepton:stonecutting/cut_glowdust_sandstone_wall: com.google.gson.JsonSyntaxException: Unknown item 'infernalexp:cut_glowdust_sandstone'
[m[1;31m[17:30:46] [Worker-Main-2/ERROR] [minecraft/RecipeManager]: Parsing error loading recipe lepton:stonecutting/smooth_glowdust_sandstone_wall: com.google.gson.JsonSyntaxException: Unknown item 'infernalexp:smooth_glowdust_sandstone'
[m[1;31m[17:30:47] [Worker-Main-2/ERROR] [minecraft/RecipeManager]: Parsing error loading recipe muchmoremodcompat:torches_from_chandelier: com.google.gson.JsonSyntaxException: Unknown item 'muchmoremodcompat:chandelier'
[m[1;31m[17:30:47] [Worker-Main-2/ERROR] [minecraft/RecipeManager]: Parsing error loading recipe irregularchef:traffic_jam_roll: com.google.gson.JsonSyntaxException: Unknown item 'atmospheric:yucca_juice'
[m[32m[17:30:47] [Worker-Main-2/INFO] [minecraft/RecipeManager]: Loaded 16 recipes
[m[1;31m[17:30:47] [Worker-Main-2/ERROR] [co.mi.ab.co.AbnormalsCore/]: Parsing error loading Advancement Modifier: environmental:balanced_diet
com.google.gson.JsonSyntaxException: Unknown item id 'environmental:squid_ink_risotto'
	at net.minecraft.advancements.criterion.ItemPredicate.func_218004_b(ItemPredicate.java:125) ~[?:?] {re:classloading}
	at java.util.Optional.orElseThrow(Unknown Source) ~[?:?] {}
	at net.minecraft.advancements.criterion.ItemPredicate.func_192492_a(ItemPredicate.java:124) ~[?:?] {re:classloading}
	at net.minecraft.advancements.criterion.ConsumeItemTrigger.func_230241_b_(SourceFile:19) ~[?:?] {re:mixin,re:classloading}
	at net.minecraft.advancements.criterion.ConsumeItemTrigger.func_230241_b_(SourceFile:9) ~[?:?] {re:mixin,re:classloading}
	at net.minecraft.advancements.criterion.AbstractCriterionTrigger.func_230307_a_(SourceFile:46) ~[?:?] {re:computing_frames,re:classloading}
	at net.minecraft.advancements.criterion.AbstractCriterionTrigger.func_230307_a_(SourceFile:17) ~[?:?] {re:computing_frames,re:classloading}
	at net.minecraft.advancements.Criterion.func_232633_a_(SourceFile:36) ~[?:?] {re:classloading}
	at net.minecraft.advancements.Criterion.func_232634_b_(SourceFile:47) ~[?:?] {re:classloading}
	at com.minecraftabnormals.abnormals_core.common.advancement.modification.modifiers.CriteriaModifier.lambda$new$0(CriteriaModifier.java:31) ~[abnormals_core:3.3.1] {re:classloading}
	at com.minecraftabnormals.abnormals_core.common.advancement.modification.AdvancementModifier.deserialize(AdvancementModifier.java:38) ~[abnormals_core:3.3.1] {re:classloading}
	at com.minecraftabnormals.abnormals_core.common.advancement.modification.AdvancementModificationManager.lambda$deserializeModifiers$1(AdvancementModificationManager.java:108) ~[abnormals_core:3.3.1] {re:classloading}
	at java.lang.Iterable.forEach(Unknown Source) ~[?:?] {}
	at com.minecraftabnormals.abnormals_core.common.advancement.modification.AdvancementModificationManager.deserializeModifiers(AdvancementModificationManager.java:96) ~[abnormals_core:3.3.1] {re:classloading}
	at com.minecraftabnormals.abnormals_core.common.advancement.modification.AdvancementModificationManager.apply(AdvancementModificationManager.java:122) ~[abnormals_core:3.3.1] {re:classloading}
	at com.minecraftabnormals.abnormals_core.common.advancement.modification.AdvancementModificationManager.func_212853_a_(AdvancementModificationManager.java:36) ~[abnormals_core:3.3.1] {re:classloading}
	at net.minecraft.client.resources.ReloadListener.func_215269_a(SourceFile:13) ~[?:?] {re:computing_frames,re:classloading,re:mixin}
	at java.util.concurrent.CompletableFuture$UniAccept.tryFire(Unknown Source) ~[?:?] {}
	at java.util.concurrent.CompletableFuture$Completion.run(Unknown Source) ~[?:?] {}
	at net.minecraft.resources.AsyncReloader.func_219557_a(SourceFile:71) ~[?:?] {re:computing_frames,re:classloading,re:mixin}
	at net.minecraft.resources.AsyncReloader.func_219560_a(SourceFile:70) ~[?:?] {re:computing_frames,re:classloading,re:mixin}
	at java.util.concurrent.CompletableFuture$UniCompletion.claim(Unknown Source) ~[?:?] {}
	at java.util.concurrent.CompletableFuture$UniAccept.tryFire(Unknown Source) ~[?:?] {}
	at java.util.concurrent.CompletableFuture.postComplete(Unknown Source) ~[?:?] {}
	at java.util.concurrent.CompletableFuture.postFire(Unknown Source) ~[?:?] {}
	at java.util.concurrent.CompletableFuture$UniAccept.tryFire(Unknown Source) ~[?:?] {}
	at java.util.concurrent.CompletableFuture$Completion.run(Unknown Source) ~[?:?] {}
	at net.minecraft.resources.AsyncReloader.func_219557_a(SourceFile:71) ~[?:?] {re:computing_frames,re:classloading,re:mixin}
	at net.minecraft.resources.AsyncReloader.func_219560_a(SourceFile:70) ~[?:?] {re:computing_frames,re:classloading,re:mixin}
	at java.util.concurrent.CompletableFuture$UniCompletion.claim(Unknown Source) [?:?] {}
	at java.util.concurrent.CompletableFuture$UniAccept.tryFire(Unknown Source) [?:?] {}
	at java.util.concurrent.CompletableFuture.postComplete(Unknown Source) [?:?] {}
	at java.util.concurrent.CompletableFuture$AsyncSupply.run(Unknown Source) [?:?] {}
	at java.util.concurrent.CompletableFuture$AsyncSupply.exec(Unknown Source) [?:?] {}
	at java.util.concurrent.ForkJoinTask.doExec(Unknown Source) [?:?] {}
	at java.util.concurrent.ForkJoinPool$WorkQueue.topLevelExec(Unknown Source) [?:?] {}
	at java.util.concurrent.ForkJoinPool.scan(Unknown Source) [?:?] {re:computing_frames}
	at java.util.concurrent.ForkJoinPool.runWorker(Unknown Source) [?:?] {re:computing_frames}
	at java.util.concurrent.ForkJoinWorkerThread.run(Unknown Source) [?:?] {}
[m[32m[17:30:47] [Worker-Main-2/INFO] [co.mi.ab.co.AbnormalsCore/]: Advancement Modification Manager has loaded 14 sets of modifiers
[m[32m[17:30:47] [Worker-Main-2/INFO] [io.gi.mo.ch.Chalk/]: Adding Chalks to loot_table: minecraft:chests/village/village_mason...
[m[32m[17:30:47] [Worker-Main-2/INFO] [io.gi.mo.ch.Chalk/]: Adding Chalks to loot_table: minecraft:chests/village/village_cartographer...
[m[32m[17:30:47] [Worker-Main-2/INFO] [io.gi.mo.ch.Chalk/]: Adding Chalks to loot_table: minecraft:chests/abandoned_mineshaft...
[m[32m[17:30:47] [Worker-Main-2/INFO] [io.gi.mo.ch.Chalk/]: Adding Chalks to loot_table: minecraft:chests/village/village_savanna_house...
[m[1;31m[17:30:47] [Worker-Main-2/ERROR] [minecraft/LootTableManager]: Couldn't parse loot table create:blocks/copper_ore: com.google.gson.JsonSyntaxException: Expected name to be an item, was unknown string 'contenttweaker:raw_copper'
[m[1;31m[17:30:47] [Worker-Main-2/ERROR] [minecraft/LootTableManager]: Couldn't parse loot table caverns_and_chasms:blocks/silver_ore: com.google.gson.JsonSyntaxException: Expected name to be an item, was unknown string 'contenttweaker:raw_silver'
[m[32m[17:30:47] [Worker-Main-2/INFO] [io.gi.mo.ch.Chalk/]: Adding Chalks to loot_table: minecraft:chests/simple_dungeon...
[m[32m[17:30:47] [Worker-Main-2/INFO] [io.gi.mo.ch.Chalk/]: Adding Chalks to loot_table: minecraft:chests/spawn_bonus_chest...
[m[32m[17:30:47] [Worker-Main-2/INFO] [io.gi.mo.ch.Chalk/]: Adding Chalks to loot_table: minecraft:chests/village/village_plains_house...
[m[32m[17:30:47] [Worker-Main-2/INFO] [io.gi.mo.ch.Chalk/]: Adding Chalks to loot_table: minecraft:chests/desert_pyramid...
[m[33m[17:30:47] [Worker-Main-2/WARN] [minecraft/LootTableManager]: Found validation problem in {alexsmobs:gameplay/seal_reward}.pools[0].entries[1].functions[0]: Parameters [<parameter minecraft:origin>] are not provided in this context
[m[32m[17:30:47] [Worker-Main-2/INFO] [placebo/]: Registered 0 additional loot tables.
[m[32m[17:30:47] [Worker-Main-2/INFO] [minecraft/AdvancementList]: Loaded 1950 advancements
[m[32m[17:30:47] [Worker-Main-2/INFO] [placebo/]: Registered 0 additional recipes.
[m[32m[17:30:47] [Worker-Main-2/INFO] [co.mi.en.co.sl.SlabfishLoader/]: Loaded 59 Slabfish Types
[m[32m[17:30:47] [Worker-Main-2/INFO] [co.mi.en.co.sl.SlabfishLoader/]: Loaded 16 Sweater Types
[m[32m[17:30:47] [Worker-Main-2/INFO] [co.mi.en.co.sl.SlabfishLoader/]: Loaded 19 Backpack Types
[m[32m[17:30:47] [Worker-Main-2/INFO] [CraftTweaker/]: CraftTweaker reload starting!
[m[32m[17:30:48] [Worker-Main-2/INFO] [CraftTweaker/]: CraftTweaker reload complete!
[m[32m[17:30:49] [main/INFO] [STDOUT/]: [tschipp.carryon.common.handler.ListHandler:initConfigLists:282]: [minecraft:soul_fire_base_blocks, neapolitan:vanilla_plantable_on, forge:glass_panes/magenta, forge:crops/flax, neapolitan:unaffected_by_mint, forge:ores/biotite, farmersdelight:unaffected_by_rich_soil, quark:planks_vertical_slab, quark:stools, forge:storage_blocks/netherite, forge:glass_panes/white, biomesoplenty:hellbark_logs, forge:gravel, supplementaries:beams, forge:glass_panes/cyan, biomesoplenty:magic_logs, forge:glass_panes/light_gray, minecraft:wool, forge:glass/colorless, charm:crates, alexsmobs:roadrunner_spawns, inspirations:cauldron_fire, forge:glass_panes/light_blue, minecraft:beehives, minecraft:ice, quark:candles, forge:ores/netherite_scrap, minecraft:dragon_immune, minecraft:crops, alexsmobs:alligator_snapping_turtle_spawns, farmersdelight:heat_sources, quark:quilted_wools, forge:fiber/flax, forge:stained_glass, forge:glass/pink, forge:chests, forge:storage_blocks/emerald, forge:ores/redstone, minecraft:warped_stems, forge:glass/red, forge:storage_blocks/iron, infernalexp:magma_cube_avoid_blocks, forge:glass_panes/brown, forge:glass_panes/green, carryon:block_blacklist, minecraft:prevent_mob_spawning_inside, minecraft:climbable, forge:fiber, forge:chests/trapped, structure_gel:gel, forge:fence_gates, storagedrawers:drawers, minecraft:dark_oak_logs, farmersdelight:compost_activators, quark:ladders, minecraft:coral_plants, farmersdelight:tray_heat_sources, forge:glass_panes, minecraft:non_flammable_wood, atmospheric:kousa_logs, forge:sandstone, forge:glass_panes/colorless, atmospheric:rosewood_logs, inspirations:cauldron_ice, infernalexp:embody_fall_blocks, inspirations:enlightened_bushes, enhanced_mushrooms:red_mushroom_stems, chimes:wind_chimes, paraglider:statues/goddess, alexsmobs:drops_bananas, charm:barrels, supplementaries:pane_connection, upgrade_aquatic:river_logs, minecraft:fences, autumnity:snail_foods, minecraft:saplings, forge:storage_blocks/lapis, minecraft:mineable/pickaxe, minecraft:beds, forge:ores/diamond, minecraft:unstable_bottom_center, minecraft:doors, minecraft:enderman_holdable, minecraft:banners, minecraft:infiniburn_overworld, forge:mushroom_stems, minecraft:flower_pots, minecraft:wooden_fences, alexsmobs:rattlesnake_spawns, minecraft:wall_post_override, supplementaries:posts, forge:obsidian, buzzier_bees:dyed_candles, forge:enderman_place_on_blacklist, biomesoplenty:mahogany_logs, infernalexp:planted_quartz_base_blocks, alexsmobs:kangaroo_spawns, bundlesplus:bundle_ignored, infernalexp:buried_bone_base_blocks, alexsmobs:seal_digables, forge:glass/white, forge:glass_panes/red, minecraft:signs, farmersdelight:mushroom_colony_growable_on, biomesoplenty:willow_logs, minecraft:wither_summon_base_blocks, supplementaries:pouring_tank, forge:glass/magenta, infernalexp:glow_fire_base_blocks, alexsmobs:mimic_octopus_spawns, forge:ores/coal, minecraft:hoglin_repellents, minecraft:fire, minecraft:base_stone_nether, minecraft:wall_signs, quark:vertical_slabs, charm:bookcases, carryon:block_whitelist, infernalexp:base_stone_canyon, endergetic:poise_stems, alexsmobs:drops_acacia_blossoms, forge:sand/colorless, endergetic:end_plantable, minecraft:trapdoors, alexsmobs:komodo_dragon_spawns, forge:glass/cyan, alexsmobs:crow_fears, atmospheric:yucca_plantable_on, windowlogging:window, quark:crab_spawnable, alexsmobs:mantis_shrimp_spawns, enhanced_mushrooms:glowshroom_stems, forge:glass, quark:wooden_vertical_slabs, inspirations:flower_pots, minecraft:soul_speed_blocks, forge:storage_blocks/charcoal, alexsmobs:lobster_spawns, minecraft:leaves, buzzier_bees:flower_blacklist, minecraft:walls, minecraft:coral_blocks, enhanced_mushrooms:brown_mushroom_stems, savageandravage:gloomy_tiles, forge:glass/green, alexsmobs:cachalot_whale_breakables, forge:glass_panes/gray, minecraft:wither_immune, atmospheric:yucca_logs, minecraft:acacia_logs, atmospheric:aspen_logs, forge:stained_glass_panes, environmental:cherry_logs, minecraft:underwater_bonemeals, atmospheric:passion_vine_growable_on, forge:sand/red, minecraft:impermeable, alexsmobs:emu_spawns, minecraft:sand, forge:end_stones, autumnity:slippery_snail_slime_blocks, forge:glass/brown, biomesoplenty:fir_logs, minecraft:logs_that_burn, supplementaries:walls, forge:fences/wooden, sereneseasons:summer_crops, forge:glass/gray, endergetic:ender_fire_base_blocks, minecraft:campfires, supplementaries:vine_support, forge:storage_blocks, minecraft:infiniburn_nether, forge:glass_panes/orange, forge:glass/light_gray, atmospheric:grimwood_logs, infernalexp:anger_brown_shroomloin_blocks, bundlesplus:shulker_box_like, forge:ores/quartz, minecraft:wooden_slabs, alexsmobs:platypus_spawns, forge:glass/blue, minecraft:small_flowers, forge:supports_conduit, minecraft:wooden_trapdoors, forge:storage_blocks/coal, forge:glass_panes/black, forge:glass/light_blue, infernalexp:anger_warped_shroomloin_blocks, farmersdelight:wild_crops, jade:pick, windowlogging:windowable, forge:storage_blocks/redstone, paraglider:statues, bundlesplus:shulker_ignored, supplementaries:rope_support, infernalexp:base_stone_shores, neapolitan:creeper_repellents, sereneseasons:winter_crops, charm:chests/trapped, alexsmobs:grizzly_beehive, forge:glass_panes/blue, minecraft:stairs, quark:underground_biome_replaceable, sereneseasons:unbreakable_infertile_crops, minecraft:logs, inspirations:mulch, infernalexp:anger_red_shroomloin_blocks, supplementaries:water_holder, forge:stone, alexsmobs:crocodile_spawns, minecraft:valid_spawn, minecraft:mushroom_grow_block, environmental:willow_logs, quark:wraith_spawnable, minecraft:wooden_doors, minecraft:standing_signs, autumnity:maple_logs, minecraft:infiniburn_end, infernalexp:anger_crimson_shroomloin_blocks, forge:glass_panes/yellow, sereneseasons:autumn_crops, forge:glass/purple, quark:slime_blocks, minecraft:crimson_stems, alexsmobs:soul_vulture_spawns, abundance:jacaranda_logs, biomesoplenty:cherry_logs, quark:vertical_slab, minecraft:wart_blocks, alexsmobs:leafcutter_ant_breakables, quark:hedges, charm:immovable_by_pistons, farmersdelight:heat_conductors, alexsmobs:gorilla_breakables, charm:chests/normal, neapolitan:chimpanzee_jumping_blocks, minecraft:beacon_base_blocks, forge:storage_blocks/ender_pearls, alexsmobs:orca_breakables, alexsmobs:seal_spawns, minecraft:shulker_boxes, alexsmobs:mungus_replace_mushroom, minecraft:anvil, minecraft:birch_logs, forge:sand, inspirations:carpeted_trapdoors, minecraft:wall_corals, create:fan_heaters, forge:glass_panes/purple, forge:glass/yellow, quark:pike_trophies, environmental:grass_like, alexsmobs:elephant_foodblocks, forge:ices/packedice, minecraft:piglin_repellants, minecraft:oak_logs, forge:ores/gold, forge:barrels, minecraft:piglin_repellents, forge:ores/lapis, biomesoplenty:palm_logs, forge:glass/black, charm:chests/wooden, biomesoplenty:dead_logs, minecraft:portals, alexsmobs:mungus_replace_nether, forge:dirt, minecraft:bamboo_plantable_on, forge:fences/nether_brick, forge:glass/lime, forge:chests/wooden, forge:ores/iron, quark:lead_connectable, minecraft:pressure_plates, forge:storage_blocks/biotite, buzzier_bees:scented_candles, minecraft:jungle_logs, buzzier_bees:candles, infernalexp:anger_luminous_shroomloin_blocks, bayou_blues:cypress_logs, forge:chests/ender, minecraft:wooden_stairs, minecraft:spruce_logs, minecraft:carpets, minecraft:base_stone_overworld, minecraft:wooden_buttons, quark:crystal, biomesoplenty:umbran_logs, alexsmobs:crow_foodblocks, charm:nether_portal_frames, forge:fence_gates/wooden, inspirations:shelves, minecraft:stone_bricks, architects_palette:cage_lanterns, forge:storage_blocks/quartz, forge:glass/orange, environmental:wisteria_logs, forge:glass_panes/lime, infernalexp:dullthorns_ground, endergetic:poise_plantable, sereneseasons:spring_crops, endergetic:end_crystal_placeable, minecraft:slabs, minecraft:guarded_by_piglins, forge:ores/emerald, charm:bookshelves, minecraft:corals, minecraft:buttons, minecraft:flowers, alexsmobs:void_worm_breakables, inspirations:small_flowers, quark:foxhound_spawnable, minecraft:planks, forge:cobblestone, minecraft:rails, forge:barrels/wooden, upgrade_aquatic:driftwood_logs, alexsmobs:soul_vulture_perches, minecraft:strider_warm_blocks, forge:storage_blocks/gold, atmospheric:morado_logs, minecraft:fence_gates, endergetic:chorus_plantable, forge:ores, minecraft:bee_growables, minecraft:wooden_pressure_plates, abundance:redbud_logs, architects_palette:twisted_logs, minecraft:tall_flowers, biomesoplenty:redwood_logs, biomesoplenty:jacaranda_logs, forge:fences, inspirations:carpeted_pressure_plates, forge:bookshelves, minecraft:stone_pressure_plates, supplementaries:concrete_powders, charm:lanterns, forge:storage_blocks/diamond, minecraft:nylium, savageandravage:blast_proof, alexsmobs:warped_mosco_breakables, minecraft:gold_ores, supplementaries:palisades, supplementaries:hang_from_ropes, forge:glass_panes/pink, minecraft:dirt, forge:netherrack, supplementaries:bellows_tickable]
[m[32m[17:30:49] [main/INFO] [STDOUT/]: [tschipp.carryon.common.handler.ListHandler:initConfigLists:282]: [minecraft:soul_fire_base_blocks, neapolitan:vanilla_plantable_on, forge:glass_panes/magenta, forge:crops/flax, neapolitan:unaffected_by_mint, forge:ores/biotite, farmersdelight:unaffected_by_rich_soil, quark:planks_vertical_slab, quark:stools, forge:storage_blocks/netherite, forge:glass_panes/white, biomesoplenty:hellbark_logs, forge:gravel, supplementaries:beams, forge:glass_panes/cyan, biomesoplenty:magic_logs, forge:glass_panes/light_gray, minecraft:wool, forge:glass/colorless, charm:crates, alexsmobs:roadrunner_spawns, inspirations:cauldron_fire, forge:glass_panes/light_blue, minecraft:beehives, minecraft:ice, quark:candles, forge:ores/netherite_scrap, minecraft:dragon_immune, minecraft:crops, alexsmobs:alligator_snapping_turtle_spawns, farmersdelight:heat_sources, quark:quilted_wools, forge:fiber/flax, forge:stained_glass, forge:glass/pink, forge:chests, forge:storage_blocks/emerald, forge:ores/redstone, minecraft:warped_stems, forge:glass/red, forge:storage_blocks/iron, infernalexp:magma_cube_avoid_blocks, forge:glass_panes/brown, forge:glass_panes/green, carryon:block_blacklist, minecraft:prevent_mob_spawning_inside, minecraft:climbable, forge:fiber, forge:chests/trapped, structure_gel:gel, forge:fence_gates, storagedrawers:drawers, minecraft:dark_oak_logs, farmersdelight:compost_activators, quark:ladders, minecraft:coral_plants, farmersdelight:tray_heat_sources, forge:glass_panes, minecraft:non_flammable_wood, atmospheric:kousa_logs, forge:sandstone, forge:glass_panes/colorless, atmospheric:rosewood_logs, inspirations:cauldron_ice, infernalexp:embody_fall_blocks, inspirations:enlightened_bushes, enhanced_mushrooms:red_mushroom_stems, chimes:wind_chimes, paraglider:statues/goddess, alexsmobs:drops_bananas, charm:barrels, supplementaries:pane_connection, upgrade_aquatic:river_logs, minecraft:fences, autumnity:snail_foods, minecraft:saplings, forge:storage_blocks/lapis, minecraft:mineable/pickaxe, minecraft:beds, forge:ores/diamond, minecraft:unstable_bottom_center, minecraft:doors, minecraft:enderman_holdable, minecraft:banners, minecraft:infiniburn_overworld, forge:mushroom_stems, minecraft:flower_pots, minecraft:wooden_fences, alexsmobs:rattlesnake_spawns, minecraft:wall_post_override, supplementaries:posts, forge:obsidian, buzzier_bees:dyed_candles, forge:enderman_place_on_blacklist, biomesoplenty:mahogany_logs, infernalexp:planted_quartz_base_blocks, alexsmobs:kangaroo_spawns, bundlesplus:bundle_ignored, infernalexp:buried_bone_base_blocks, alexsmobs:seal_digables, forge:glass/white, forge:glass_panes/red, minecraft:signs, farmersdelight:mushroom_colony_growable_on, biomesoplenty:willow_logs, minecraft:wither_summon_base_blocks, supplementaries:pouring_tank, forge:glass/magenta, infernalexp:glow_fire_base_blocks, alexsmobs:mimic_octopus_spawns, forge:ores/coal, minecraft:hoglin_repellents, minecraft:fire, minecraft:base_stone_nether, minecraft:wall_signs, quark:vertical_slabs, charm:bookcases, carryon:block_whitelist, infernalexp:base_stone_canyon, endergetic:poise_stems, alexsmobs:drops_acacia_blossoms, forge:sand/colorless, endergetic:end_plantable, minecraft:trapdoors, alexsmobs:komodo_dragon_spawns, forge:glass/cyan, alexsmobs:crow_fears, atmospheric:yucca_plantable_on, windowlogging:window, quark:crab_spawnable, alexsmobs:mantis_shrimp_spawns, enhanced_mushrooms:glowshroom_stems, forge:glass, quark:wooden_vertical_slabs, inspirations:flower_pots, minecraft:soul_speed_blocks, forge:storage_blocks/charcoal, alexsmobs:lobster_spawns, minecraft:leaves, buzzier_bees:flower_blacklist, minecraft:walls, minecraft:coral_blocks, enhanced_mushrooms:brown_mushroom_stems, savageandravage:gloomy_tiles, forge:glass/green, alexsmobs:cachalot_whale_breakables, forge:glass_panes/gray, minecraft:wither_immune, atmospheric:yucca_logs, minecraft:acacia_logs, atmospheric:aspen_logs, forge:stained_glass_panes, environmental:cherry_logs, minecraft:underwater_bonemeals, atmospheric:passion_vine_growable_on, forge:sand/red, minecraft:impermeable, alexsmobs:emu_spawns, minecraft:sand, forge:end_stones, autumnity:slippery_snail_slime_blocks, forge:glass/brown, biomesoplenty:fir_logs, minecraft:logs_that_burn, supplementaries:walls, forge:fences/wooden, sereneseasons:summer_crops, forge:glass/gray, endergetic:ender_fire_base_blocks, minecraft:campfires, supplementaries:vine_support, forge:storage_blocks, minecraft:infiniburn_nether, forge:glass_panes/orange, forge:glass/light_gray, atmospheric:grimwood_logs, infernalexp:anger_brown_shroomloin_blocks, bundlesplus:shulker_box_like, forge:ores/quartz, minecraft:wooden_slabs, alexsmobs:platypus_spawns, forge:glass/blue, minecraft:small_flowers, forge:supports_conduit, minecraft:wooden_trapdoors, forge:storage_blocks/coal, forge:glass_panes/black, forge:glass/light_blue, infernalexp:anger_warped_shroomloin_blocks, farmersdelight:wild_crops, jade:pick, windowlogging:windowable, forge:storage_blocks/redstone, paraglider:statues, bundlesplus:shulker_ignored, supplementaries:rope_support, infernalexp:base_stone_shores, neapolitan:creeper_repellents, sereneseasons:winter_crops, charm:chests/trapped, alexsmobs:grizzly_beehive, forge:glass_panes/blue, minecraft:stairs, quark:underground_biome_replaceable, sereneseasons:unbreakable_infertile_crops, minecraft:logs, inspirations:mulch, infernalexp:anger_red_shroomloin_blocks, supplementaries:water_holder, forge:stone, alexsmobs:crocodile_spawns, minecraft:valid_spawn, minecraft:mushroom_grow_block, environmental:willow_logs, quark:wraith_spawnable, minecraft:wooden_doors, minecraft:standing_signs, autumnity:maple_logs, minecraft:infiniburn_end, infernalexp:anger_crimson_shroomloin_blocks, forge:glass_panes/yellow, sereneseasons:autumn_crops, forge:glass/purple, quark:slime_blocks, minecraft:crimson_stems, alexsmobs:soul_vulture_spawns, abundance:jacaranda_logs, biomesoplenty:cherry_logs, quark:vertical_slab, minecraft:wart_blocks, alexsmobs:leafcutter_ant_breakables, quark:hedges, charm:immovable_by_pistons, farmersdelight:heat_conductors, alexsmobs:gorilla_breakables, charm:chests/normal, neapolitan:chimpanzee_jumping_blocks, minecraft:beacon_base_blocks, forge:storage_blocks/ender_pearls, alexsmobs:orca_breakables, alexsmobs:seal_spawns, minecraft:shulker_boxes, alexsmobs:mungus_replace_mushroom, minecraft:anvil, minecraft:birch_logs, forge:sand, inspirations:carpeted_trapdoors, minecraft:wall_corals, create:fan_heaters, forge:glass_panes/purple, forge:glass/yellow, quark:pike_trophies, environmental:grass_like, alexsmobs:elephant_foodblocks, forge:ices/packedice, minecraft:piglin_repellants, minecraft:oak_logs, forge:ores/gold, forge:barrels, minecraft:piglin_repellents, forge:ores/lapis, biomesoplenty:palm_logs, forge:glass/black, charm:chests/wooden, biomesoplenty:dead_logs, minecraft:portals, alexsmobs:mungus_replace_nether, forge:dirt, minecraft:bamboo_plantable_on, forge:fences/nether_brick, forge:glass/lime, forge:chests/wooden, forge:ores/iron, quark:lead_connectable, minecraft:pressure_plates, forge:storage_blocks/biotite, buzzier_bees:scented_candles, minecraft:jungle_logs, buzzier_bees:candles, infernalexp:anger_luminous_shroomloin_blocks, bayou_blues:cypress_logs, forge:chests/ender, minecraft:wooden_stairs, minecraft:spruce_logs, minecraft:carpets, minecraft:base_stone_overworld, minecraft:wooden_buttons, quark:crystal, biomesoplenty:umbran_logs, alexsmobs:crow_foodblocks, charm:nether_portal_frames, forge:fence_gates/wooden, inspirations:shelves, minecraft:stone_bricks, architects_palette:cage_lanterns, forge:storage_blocks/quartz, forge:glass/orange, environmental:wisteria_logs, forge:glass_panes/lime, infernalexp:dullthorns_ground, endergetic:poise_plantable, sereneseasons:spring_crops, endergetic:end_crystal_placeable, minecraft:slabs, minecraft:guarded_by_piglins, forge:ores/emerald, charm:bookshelves, minecraft:corals, minecraft:buttons, minecraft:flowers, alexsmobs:void_worm_breakables, inspirations:small_flowers, quark:foxhound_spawnable, minecraft:planks, forge:cobblestone, minecraft:rails, forge:barrels/wooden, upgrade_aquatic:driftwood_logs, alexsmobs:soul_vulture_perches, minecraft:strider_warm_blocks, forge:storage_blocks/gold, atmospheric:morado_logs, minecraft:fence_gates, endergetic:chorus_plantable, forge:ores, minecraft:bee_growables, minecraft:wooden_pressure_plates, abundance:redbud_logs, architects_palette:twisted_logs, minecraft:tall_flowers, biomesoplenty:redwood_logs, biomesoplenty:jacaranda_logs, forge:fences, inspirations:carpeted_pressure_plates, forge:bookshelves, minecraft:stone_pressure_plates, supplementaries:concrete_powders, charm:lanterns, forge:storage_blocks/diamond, minecraft:nylium, savageandravage:blast_proof, alexsmobs:warped_mosco_breakables, minecraft:gold_ores, supplementaries:palisades, supplementaries:hang_from_ropes, forge:glass_panes/pink, minecraft:dirt, forge:netherrack, supplementaries:bellows_tickable]
[m[32m[17:30:49] [Server thread/INFO] [minecraft/DedicatedServer]: Starting minecraft server version 1.16.5
[m[32m[17:30:49] [Server thread/INFO] [minecraft/DedicatedServer]: Loading properties
[m[32m[17:30:49] [Server thread/INFO] [minecraft/DedicatedServer]: Default game type: SURVIVAL
[m[32m[17:30:49] [Server thread/INFO] [minecraft/MinecraftServer]: Generating keypair
[m[32m[17:30:49] [Server thread/INFO] [minecraft/DedicatedServer]: Starting Minecraft server on *:25565
[m[?1h=[?2004h>....[K[32m[17:30:49] [Server thread/INFO] [minecraft/NetworkSystem]: Using epoll channel type
[m>....[K[32m[17:30:50] [Server thread/INFO] [STDOUT/]: [tschipp.carryon.common.handler.ListHandler:initConfigLists:282]: [minecraft:soul_fire_base_blocks, neapolitan:vanilla_plantable_on, forge:glass_panes/magenta, forge:crops/flax, neapolitan:unaffected_by_mint, forge:ores/biotite, farmersdelight:unaffected_by_rich_soil, quark:planks_vertical_slab, quark:stools, forge:storage_blocks/netherite, forge:glass_panes/white, biomesoplenty:hellbark_logs, forge:gravel, supplementaries:beams, forge:glass_panes/cyan, biomesoplenty:magic_logs, forge:glass_panes/light_gray, minecraft:wool, forge:glass/colorless, charm:crates, alexsmobs:roadrunner_spawns, inspirations:cauldron_fire, forge:glass_panes/light_blue, minecraft:beehives, minecraft:ice, quark:candles, forge:ores/netherite_scrap, minecraft:dragon_immune, minecraft:crops, alexsmobs:alligator_snapping_turtle_spawns, farmersdelight:heat_sources, quark:quilted_wools, forge:fiber/flax, forge:stained_glass, forge:glass/pink, forge:chests, forge:storage_blocks/emerald, forge:ores/redstone, minecraft:warped_stems, forge:glass/red, forge:storage_blocks/iron, infernalexp:magma_cube_avoid_blocks, forge:glass_panes/brown, forge:glass_panes/green, carryon:block_blacklist, minecraft:prevent_mob_spawning_inside, minecraft:climbable, forge:fiber, forge:chests/trapped, structure_gel:gel, forge:fence_gates, storagedrawers:drawers, minecraft:dark_oak_logs, farmersdelight:compost_activators, quark:ladders, minecraft:coral_plants, farmersdelight:tray_heat_sources, forge:glass_panes, minecraft:non_flammable_wood, atmospheric:kousa_logs, forge:sandstone, forge:glass_panes/colorless, atmospheric:rosewood_logs, inspirations:cauldron_ice, infernalexp:embody_fall_blocks, inspirations:enlightened_bushes, enhanced_mushrooms:red_mushroom_stems, chimes:wind_chimes, paraglider:statues/goddess, alexsmobs:drops_bananas, charm:barrels, supplementaries:pane_connection, upgrade_aquatic:river_logs, minecraft:fences, autumnity:snail_foods, minecraft:saplings, forge:storage_blocks/lapis, minecraft:mineable/pickaxe, minecraft:beds, forge:ores/diamond, minecraft:unstable_bottom_center, minecraft:doors, minecraft:enderman_holdable, minecraft:banners, minecraft:infiniburn_overworld, forge:mushroom_stems, minecraft:flower_pots, minecraft:wooden_fences, alexsmobs:rattlesnake_spawns, minecraft:wall_post_override, supplementaries:posts, forge:obsidian, buzzier_bees:dyed_candles, forge:enderman_place_on_blacklist, biomesoplenty:mahogany_logs, infernalexp:planted_quartz_base_blocks, alexsmobs:kangaroo_spawns, bundlesplus:bundle_ignored, infernalexp:buried_bone_base_blocks, alexsmobs:seal_digables, forge:glass/white, forge:glass_panes/red, minecraft:signs, farmersdelight:mushroom_colony_growable_on, biomesoplenty:willow_logs, minecraft:wither_summon_base_blocks, supplementaries:pouring_tank, forge:glass/magenta, infernalexp:glow_fire_base_blocks, alexsmobs:mimic_octopus_spawns, forge:ores/coal, minecraft:hoglin_repellents, minecraft:fire, minecraft:base_stone_nether, minecraft:wall_signs, quark:vertical_slabs, charm:bookcases, carryon:block_whitelist, infernalexp:base_stone_canyon, endergetic:poise_stems, alexsmobs:drops_acacia_blossoms, forge:sand/colorless, endergetic:end_plantable, minecraft:trapdoors, alexsmobs:komodo_dragon_spawns, forge:glass/cyan, alexsmobs:crow_fears, atmospheric:yucca_plantable_on, windowlogging:window, quark:crab_spawnable, alexsmobs:mantis_shrimp_spawns, enhanced_mushrooms:glowshroom_stems, forge:glass, quark:wooden_vertical_slabs, inspirations:flower_pots, minecraft:soul_speed_blocks, forge:storage_blocks/charcoal, alexsmobs:lobster_spawns, minecraft:leaves, buzzier_bees:flower_blacklist, minecraft:walls, minecraft:coral_blocks, enhanced_mushrooms:brown_mushroom_stems, savageandravage:gloomy_tiles, forge:glass/green, alexsmobs:cachalot_whale_breakables, forge:glass_panes/gray, minecraft:wither_immune, atmospheric:yucca_logs, minecraft:acacia_logs, atmospheric:aspen_logs, forge:stained_glass_panes, environmental:cherry_logs, minecraft:underwater_bonemeals, atmospheric:passion_vine_growable_on, forge:sand/red, minecraft:impermeable, alexsmobs:emu_spawns, minecraft:sand, forge:end_stones, autumnity:slippery_snail_slime_blocks, forge:glass/brown, biomesoplenty:fir_logs, minecraft:logs_that_burn, supplementaries:walls, forge:fences/wooden, sereneseasons:summer_crops, forge:glass/gray, endergetic:ender_fire_base_blocks, minecraft:campfires, supplementaries:vine_support, forge:storage_blocks, minecraft:infiniburn_nether, forge:glass_panes/orange, forge:glass/light_gray, atmospheric:grimwood_logs, infernalexp:anger_brown_shroomloin_blocks, bundlesplus:shulker_box_like, forge:ores/quartz, minecraft:wooden_slabs, alexsmobs:platypus_spawns, forge:glass/blue, minecraft:small_flowers, forge:supports_conduit, minecraft:wooden_trapdoors, forge:storage_blocks/coal, forge:glass_panes/black, forge:glass/light_blue, infernalexp:anger_warped_shroomloin_blocks, farmersdelight:wild_crops, jade:pick, windowlogging:windowable, forge:storage_blocks/redstone, paraglider:statues, bundlesplus:shulker_ignored, supplementaries:rope_support, infernalexp:base_stone_shores, neapolitan:creeper_repellents, sereneseasons:winter_crops, charm:chests/trapped, alexsmobs:grizzly_beehive, forge:glass_panes/blue, minecraft:stairs, quark:underground_biome_replaceable, sereneseasons:unbreakable_infertile_crops, minecraft:logs, inspirations:mulch, infernalexp:anger_red_shroomloin_blocks, supplementaries:water_holder, forge:stone, alexsmobs:crocodile_spawns, minecraft:valid_spawn, minecraft:mushroom_grow_block, environmental:willow_logs, quark:wraith_spawnable, minecraft:wooden_doors, minecraft:standing_signs, autumnity:maple_logs, minecraft:infiniburn_end, infernalexp:anger_crimson_shroomloin_blocks, forge:glass_panes/yellow, sereneseasons:autumn_crops, forge:glass/purple, quark:slime_blocks, minecraft:crimson_stems, alexsmobs:soul_vulture_spawns, abundance:jacaranda_logs, biomesoplenty:cherry_logs, quark:vertical_slab, minecraft:wart_blocks, alexsmobs:leafcutter_ant_breakables, quark:hedges, charm:immovable_by_pistons, farmersdelight:heat_conductors, alexsmobs:gorilla_breakables, charm:chests/normal, neapolitan:chimpanzee_jumping_blocks, minecraft:beacon_base_blocks, forge:storage_blocks/ender_pearls, alexsmobs:orca_breakables, alexsmobs:seal_spawns, minecraft:shulker_boxes, alexsmobs:mungus_replace_mushroom, minecraft:anvil, minecraft:birch_logs, forge:sand, inspirations:carpeted_trapdoors, minecraft:wall_corals, create:fan_heaters, forge:glass_panes/purple, forge:glass/yellow, quark:pike_trophies, environmental:grass_like, alexsmobs:elephant_foodblocks, forge:ices/packedice, minecraft:piglin_repellants, minecraft:oak_logs, forge:ores/gold, forge:barrels, minecraft:piglin_repellents, forge:ores/lapis, biomesoplenty:palm_logs, forge:glass/black, charm:chests/wooden, biomesoplenty:dead_logs, minecraft:portals, alexsmobs:mungus_replace_nether, forge:dirt, minecraft:bamboo_plantable_on, forge:fences/nether_brick, forge:glass/lime, forge:chests/wooden, forge:ores/iron, quark:lead_connectable, minecraft:pressure_plates, forge:storage_blocks/biotite, buzzier_bees:scented_candles, minecraft:jungle_logs, buzzier_bees:candles, infernalexp:anger_luminous_shroomloin_blocks, bayou_blues:cypress_logs, forge:chests/ender, minecraft:wooden_stairs, minecraft:spruce_logs, minecraft:carpets, minecraft:base_stone_overworld, minecraft:wooden_buttons, quark:crystal, biomesoplenty:umbran_logs, alexsmobs:crow_foodblocks, charm:nether_portal_frames, forge:fence_gates/wooden, inspirations:shelves, minecraft:stone_bricks, architects_palette:cage_lanterns, forge:storage_blocks/quartz, forge:glass/orange, environmental:wisteria_logs, forge:glass_panes/lime, infernalexp:dullthorns_ground, endergetic:poise_plantable, sereneseasons:spring_crops, endergetic:end_crystal_placeable, minecraft:slabs, minecraft:guarded_by_piglins, forge:ores/emerald, charm:bookshelves, minecraft:corals, minecraft:buttons, minecraft:flowers, alexsmobs:void_worm_breakables, inspirations:small_flowers, quark:foxhound_spawnable, minecraft:planks, forge:cobblestone, minecraft:rails, forge:barrels/wooden, upgrade_aquatic:driftwood_logs, alexsmobs:soul_vulture_perches, minecraft:strider_warm_blocks, forge:storage_blocks/gold, atmospheric:morado_logs, minecraft:fence_gates, endergetic:chorus_plantable, forge:ores, minecraft:bee_growables, minecraft:wooden_pressure_plates, abundance:redbud_logs, architects_palette:twisted_logs, minecraft:tall_flowers, biomesoplenty:redwood_logs, biomesoplenty:jacaranda_logs, forge:fences, inspirations:carpeted_pressure_plates, forge:bookshelves, minecraft:stone_pressure_plates, supplementaries:concrete_powders, charm:lanterns, forge:storage_blocks/diamond, minecraft:nylium, savageandravage:blast_proof, alexsmobs:warped_mosco_breakables, minecraft:gold_ores, supplementaries:palisades, supplementaries:hang_from_ropes, forge:glass_panes/pink, minecraft:dirt, forge:netherrack, supplementaries:bellows_tickable]
[m>....[K[32m[17:30:50] [Server thread/INFO] [ModernFix/]: Starting locating executor service with thread pool size of 1
[m>....[K[32m[17:30:50] [Server thread/INFO] [minecraft/DedicatedServer]: Preparing level "world"
[m>....[K[32m[17:30:50] [Server thread/INFO] [minecraft/MinecraftServer]: Preparing start region for dimension minecraft:overworld
[m>....[K[33m[17:30:50] [Server thread/WARN] [mixin/]: Method overwrite conflict for removeIf in roadrunner.mixins.json:world.chunk_tickets.SortedArraySetMixin, previously written by org.embeddedt.modernfix.common.mixin.bugfix.paper_chunk_patches.SortedArraySetMixin. Skipping method.
[m>....[K[32m[17:30:51] [Server thread/INFO] [minecraft/LoggingChunkStatusListener]: Preparing spawn area: 0%
[m>....[K[32m[17:30:51] [Server thread/INFO] [minecraft/LoggingChunkStatusListener]: Preparing spawn area: 0%
[m>....[K[32m[17:30:51] [Server thread/INFO] [minecraft/LoggingChunkStatusListener]: Preparing spawn area: 0%
[m>....[K[32m[17:30:52] [Worker-Main-1/INFO] [minecraft/LoggingChunkStatusListener]: Preparing spawn area: 0%
[m>....[K[32m[17:30:52] [Worker-Main-1/INFO] [bettercaves/]: CREATING AND INIT'ING CARVER W DIMENSION minecraft:overworld...
[m>....[K[32m[17:30:52] [Worker-Main-1/INFO] [bettercaves/]: Better Caves config file for dimension minecraft:overworld not found. Using global config...
[m>....[K[32m[17:30:52] [Worker-Main-1/INFO] [bettercaves/]: Using block 'minecraft:lava' as lava in cave generation for dimension minecraft:overworld
[m>....[K[32m[17:30:52] [Worker-Main-1/INFO] [bettercaves/]: Using block 'Block{minecraft:water}[level=0]' as water in cave generation for dimension minecraft:overworld
[m>....[K[32m[17:30:52] [Worker-Main-1/INFO] [minecraft/LoggingChunkStatusListener]: Preparing spawn area: 83%
[m>....[K[32m[17:30:53] [Worker-Main-1/INFO] [minecraft/LoggingChunkStatusListener]: Preparing spawn area: 83%
[m>....[K[32m[17:30:53] [Worker-Main-2/INFO] [minecraft/LoggingChunkStatusListener]: Preparing spawn area: 83%
[m>....[K[32m[17:30:54] [Worker-Main-1/INFO] [minecraft/LoggingChunkStatusListener]: Preparing spawn area: 83%
[m>....[K[32m[17:30:54] [Worker-Main-3/INFO] [minecraft/LoggingChunkStatusListener]: Preparing spawn area: 83%
[m>....[K[32m[17:30:55] [Worker-Main-3/INFO] [minecraft/LoggingChunkStatusListener]: Preparing spawn area: 86%
[m>....[K[32m[17:30:55] [Worker-Main-2/INFO] [minecraft/LoggingChunkStatusListener]: Preparing spawn area: 87%
[m>....[K[32m[17:30:56] [Worker-Main-3/INFO] [minecraft/LoggingChunkStatusListener]: Preparing spawn area: 90%
[m>....[K[32m[17:30:56] [Worker-Main-1/INFO] [minecraft/LoggingChunkStatusListener]: Preparing spawn area: 93%
[m>....[K[32m[17:30:57] [Worker-Main-2/INFO] [minecraft/LoggingChunkStatusListener]: Preparing spawn area: 98%
[m>....[K[32m[17:30:57] [Server thread/INFO] [minecraft/LoggingChunkStatusListener]: Time elapsed: 6689 ms
[m>....[K[32m[17:30:57] [Server thread/INFO] [minecraft/DedicatedServer]: Done (7.167s)! For help, type "help"
[m>....[K[32m[17:30:57] [Server thread/INFO] [minecraft/DedicatedServer]: Starting remote control listener
[m>....[K[32m[17:30:57] [Server thread/INFO] [minecraft/RConThread]: Thread RCON Listener started
[m>....[K[32m[17:30:57] [Server thread/INFO] [minecraft/MainThread]: RCON running on 0.0.0.0:25575
[m>....[K[32m[17:30:57] [Server thread/INFO] [ne.cr.mi.MineTogether/]: Current discoverability: unlisted
[m>....[K[32m[17:30:57] [Server thread/INFO] [ne.cr.mi.MineTogether/]: Unable to find version.json, Assuming Curse pack
[m>....[K[32m[17:30:57] [Server thread/INFO] [cyclopscore/]: Loading infobook /data/cyclopscore/info/test.xml
[m>....[K[32m[17:30:57] [Server thread/INFO] [co.gi.cp.mi.PrometheusExporterMod/]: Listening on 0.0.0.0:19565
[m>....[K[32m[17:30:57] [Server thread/INFO] [FTB Utilities Backups/]: Backups folder - /data/backups
[m>....[K[33m[17:30:57] [Server thread/WARN] [ModernFix/]: Dedicated server took 35.75 seconds to load
